Language,CommunityButtonTID,CommunityButtonLink,CommunityButtonLinkAndroid,CommunityButtonFailbackLink,CommunityButtonIcon,MoreButtonTID,MoreButtonLink,MoreButtonHelpshiftID,MoreButtonIcon
String,String,String,String,String,String,String,String,String,String
JP,TID_ABOUT_FACEBOOK,fb://page/?id=731310233587439,fb://facewebmodal/f?href=http://www.facebook.com/haydayjapanofficial,https://www.facebook.com/731310233587439,logo_facebook,TID_ABOUT_TERMS_OF_SERVICE,Language:TermsOfService,,icon_settings_forums
,TID_ABOUT_TWITTER,https://twitter.com/haydayjp,,,community_icon_twitter,TID_ABOUT_PRIVACY_POLICY,Language:PrivacyPolicy,,icon_settings_forums
,TID_ABOUT_INSTAGRAM,https://instagram.com/HayDay,,,community_icon_instagram,TID_ABOUT_PARENT_GUIDE,Language:ParentsGuide,,icon_settings_forums
,TID_SETTINGS_YOUTUBE,https://www.youtube.com/HayDayJapan,,,community_icon_youtube,TID_ABOUT_CREDITS,HUD:CreditsHUD,,icon_settings_forums
,TID_SETTINGS_WIKI,http://de.hayday.wikia.com,,,community_icon_wikia,,,,
,TID_ABOUT_REDDIT,https://www.reddit.com/r/HayDay,,,community_icon_reddit,,,,
,,,,,,,,,
,,,,,,,,,
,,,,,,,,,
KR,TID_ABOUT_FACEBOOK,fb://page/?id=297050457046195,fb://facewebmodal/f?href=http://www.facebook.com/HayDayOfficial,https://www.facebook.com/297050457046195,logo_facebook,TID_ABOUT_TERMS_OF_SERVICE,Language:TermsOfService,,icon_settings_forums
,TID_ABOUT_INSTAGRAM,https://instagram.com/HayDay,,,community_icon_instagram,TID_ABOUT_PRIVACY_POLICY,Language:PrivacyPolicy,,icon_settings_forums
,TID_SETTINGS_YOUTUBE,https://www.youtube.com/HayDay,,,community_icon_youtube,TID_ABOUT_PARENT_GUIDE,Language:ParentsGuide,,icon_settings_forums
,TID_ABOUT_TWITTER,https://twitter.com/haydayde,,,community_icon_twitter,TID_ABOUT_CREDITS,HUD:CreditsHUD,,icon_settings_forums
,TID_SETTINGS_WIKI,http://de.hayday.wikia.com,,,community_icon_wikia,,,,
,TID_ABOUT_REDDIT,https://www.reddit.com/r/HayDay,,,community_icon_reddit,,,,
,,,,,,,,,
,,,,,,,,,
,,,,,,,,,
DE,TID_FAQ_FORUMS_BUTTON,https://hayday-forum.de/,,,community_icon_forums,TID_ABOUT_TERMS_OF_SERVICE,Language:TermsOfService,,icon_settings_forums
,TID_ABOUT_FACEBOOK,fb://page/?id=132667140712000,fb://facewebmodal/f?href=https://www.facebook.com/HayDayDEOfficial/,https://www.facebook.com/132667140712000,logo_facebook,TID_ABOUT_PRIVACY_POLICY,Language:PrivacyPolicy,,icon_settings_forums
,TID_ABOUT_INSTAGRAM,https://instagram.com/HayDayDE,,,community_icon_instagram,TID_ABOUT_PARENT_GUIDE,Language:ParentsGuide,,icon_settings_forums
,TID_ABOUT_TWITTER,https://twitter.com/haydayde,,,community_icon_twitter,TID_ABOUT_CREDITS,HUD:CreditsHUD,,icon_settings_forums
,TID_SETTINGS_YOUTUBE,https://www.youtube.com/HayDay,,,community_icon_youtube,,,,
,TID_SETTINGS_WIKI,http://de.hayday.wikia.com,,,community_icon_wikia,,,,
,TID_ABOUT_REDDIT,https://www.reddit.com/r/HayDay,,,community_icon_reddit,,,,
,,,,,,,,,
FR,TID_FAQ_FORUMS_BUTTON,https://forum.supercell.com/forumdisplay.php/5-Hay-Day,,,community_icon_forums,TID_ABOUT_TERMS_OF_SERVICE,Language:TermsOfService,,icon_settings_forums
,TID_ABOUT_FACEBOOK,fb://page/?id=297050457046195,fb://facewebmodal/f?href=http://www.facebook.com/HayDayOfficial,https://www.facebook.com/297050457046195,logo_facebook,TID_ABOUT_PRIVACY_POLICY,Language:PrivacyPolicy,,icon_settings_forums
,TID_ABOUT_INSTAGRAM,https://instagram.com/HayDay,,,community_icon_instagram,TID_ABOUT_PARENT_GUIDE,Language:ParentsGuide,,icon_settings_forums
,TID_ABOUT_TWITTER,https://twitter.com/hayday,,,community_icon_twitter,TID_ABOUT_CREDITS,HUD:CreditsHUD,,icon_settings_forums
,TID_SETTINGS_YOUTUBE,https://www.youtube.com/HayDay,,,community_icon_youtube,,,,
,TID_SETTINGS_WIKI,http://fr.hayday.wikia.com,,,community_icon_wikia,,,,
,TID_ABOUT_REDDIT,https://www.reddit.com/r/HayDay,,,community_icon_reddit,,,,
,,,,,,,,,
TH,TID_ABOUT_FACEBOOK,fb://page/?id=1060421504061912,fb://facewebmodal/f?href=http://www.facebook.com/HayDayThailandOfficial,https://www.facebook.com/1060421504061912,logo_facebook,TID_ABOUT_TERMS_OF_SERVICE,Language:TermsOfService,,icon_settings_forums
,TID_ABOUT_INSTAGRAM,https://instagram.com/HayDay,,,community_icon_instagram,TID_ABOUT_PRIVACY_POLICY,Language:PrivacyPolicy,,icon_settings_forums
,TID_SETTINGS_YOUTUBE,https://www.youtube.com/HayDay,,,community_icon_youtube,TID_ABOUT_PARENT_GUIDE,Language:ParentsGuide,,icon_settings_forums
,TID_ABOUT_TWITTER,https://twitter.com/hayday,,,community_icon_twitter,TID_ABOUT_CREDITS,HUD:CreditsHUD,,icon_settings_forums
,TID_SETTINGS_WIKI,http://hayday.wikia.com,,,community_icon_wikia,TID_ABOUT_PARENT_GUIDE,Language:ParentsGuide,,icon_settings_forums
,TID_ABOUT_REDDIT,https://www.reddit.com/r/HayDay,,,community_icon_reddit,,,,
,,,,,,,,,
,,,,,,,,,
,,,,,,,,,
Default,TID_ABOUT_FACEBOOK,fb://page/?id=297050457046195,fb://facewebmodal/f?href=http://www.facebook.com/HayDayOfficial,https://www.facebook.com/297050457046195,logo_facebook,TID_ABOUT_TERMS_OF_SERVICE,Language:TermsOfService,,icon_settings_forums
,TID_ABOUT_INSTAGRAM,https://instagram.com/HayDay,,,community_icon_instagram,TID_ABOUT_PRIVACY_POLICY,Language:PrivacyPolicy,,icon_settings_forums
,TID_ABOUT_TWITTER,https://twitter.com/hayday,,,community_icon_twitter,TID_ABOUT_PARENT_GUIDE,Language:ParentsGuide,,icon_settings_forums
,TID_SETTINGS_YOUTUBE,https://www.youtube.com/HayDay,,,community_icon_youtube,TID_ABOUT_CREDITS,HUD:CreditsHUD,,icon_settings_forums
,TID_SETTINGS_WIKI,http://hayday.wikia.com,,,community_icon_wikia,,,,
,TID_ABOUT_REDDIT,https://www.reddit.com/r/HayDay,,,community_icon_reddit,,,,
