Name,DecoName,RequireOption,Hidden,AutoOption,Level,OptionType,AssetFile,AssetExportName,AssetFrame,AssetDepth,AssetPlaceholder,Color,TintSymbolName,TID
String,String,String,Boolean,String,int,String,String,String,String,int,String,String,String,String
Pond_Lvl0,Pond,,,,0,Asset,sc/decos05_modular.sc,lvl0,Lvl1,,,,,TID_MODULAR_POND
Pond_Lvl1_Pagoda,Pond,,,,1,Asset,sc/decos05_modular.sc,lvl1_pagoda,Lvl1,6,,,,TID_MODULAR_POND_LVL1_PAGODA
,,,,,,,sc/decos05_modular.sc,lvl0_ground_b,Lvl1,0,,,,
,,,,,,,sc/decos05_modular.sc,lvl0_ground_f,Lvl1,9,,,,
Pond_Lvl1_Fountain,Pond,,,,1,Asset,sc/decos05_modular.sc,lvl1_fountain,Lvl1,6,,,,TID_MODULAR_POND_LVL1_FOUNTAIN
,,,,,,,sc/decos05_modular.sc,lvl0_ground_b,Lvl1,0,,,,
,,,,,,,sc/decos05_modular.sc,lvl0_ground_f,Lvl1,9,,,,
Pond_Lvl1_Birdbath,Pond,,,,1,Asset,sc/decos05_modular.sc,lvl1_birdbath,Lvl1,6,,,,TID_MODULAR_POND_LVL1_BIRDBATH
,,,,,,,sc/decos05_modular.sc,lvl0_ground_b,Lvl1,0,,,,
,,,,,,,sc/decos05_modular.sc,lvl0_ground_f,Lvl1,9,,,,
,,,,,,,,,,,,,,
,,,,,,,,,,,,,,
Pond_Lvl2_ALL,Pond,,TRUE,,2,LevelAsset,sc/decos05_modular.sc,lvl1_pagoda,Lvl2,6,,,,
,,,,,,,,lvl0_ground_b,Lvl2,0,,,,
,,,,,,,,lvl0_ground_f,Lvl2,9,,,,
,,,,,,,sc/decos05_modular.sc,lvl1_fountain,Lvl2,6,,,,
,,,,,,,,lvl0_ground_b,Lvl2,0,,,,
,,,,,,,,lvl0_ground_f,Lvl2,9,,,,
,,,,,,,sc/decos05_modular.sc,lvl1_birdbath,Lvl2,6,,,,
,,,,,,,,lvl0_ground_b,Lvl2,0,,,,
,,,,,,,,lvl0_ground_f,Lvl2,9,,,,
,,,,,,,,,,,,,,
,,,,,,,,,,,,,,
Pond_Lvl2_Pagoda_Color1,Pond,Pond_Lvl1_Pagoda,,Pond_Lvl2_ALL,2,Tint,,,,,,Beige1,PagodaTint01,TID_CUSTOM_DECORATIONS_OPTIONS_BEIGE
,,,,,,,,,,,,Beige1,PagodaTint02,
,,,,,,,,,,,,DarkGrey1,RockTint01,
Pond_Lvl2_Pagoda_Color2,Pond,Pond_Lvl1_Pagoda,,Pond_Lvl2_ALL,2,Tint,,,,,,DarkGrey2,PagodaTint01,TID_CUSTOM_DECORATIONS_OPTIONS_DARKGREY
,,,,,,,,,,,,DarkGrey2,PagodaTint02,
,,,,,,,,,,,,DarkGrey1,RockTint01,
Pond_Lvl2_Pagoda_Color3,Pond,Pond_Lvl1_Pagoda,,Pond_Lvl2_ALL,2,Tint,,,,,,Orange1,PagodaTint01,TID_CUSTOM_DECORATIONS_OPTIONS_GOLD
,,,,,,,,,,,,Orange1,PagodaTint02,
,,,,,,,,,,,,DarkGrey1,RockTint01,
,,,,,,,,,,,,,,
Pond_Lvl2_Fountain_Color1,Pond,Pond_Lvl1_Fountain,,Pond_Lvl2_ALL,2,Tint,,,,,,DarkGrey1,BaseTint01,TID_CUSTOM_DECORATIONS_OPTIONS_GOLD
,,,,,,,,,,,,Yellow1,BowlTint01,
,,,,,,,,,,,,Yellow1,BowlTint02,
Pond_Lvl2_Fountain_Color2,Pond,Pond_Lvl1_Fountain,,Pond_Lvl2_ALL,2,Tint,,,,,,DarkGrey1,BaseTint01,TID_CUSTOM_DECORATIONS_OPTIONS_BROWN
,,,,,,,,,,,,Brown1,BowlTint01,
,,,,,,,,,,,,Brown1,BowlTint02,
Pond_Lvl2_Fountain_Color3,Pond,Pond_Lvl1_Fountain,,Pond_Lvl2_ALL,2,Tint,,,,,,DarkGrey1,BaseTint01,TID_CUSTOM_DECORATIONS_OPTIONS_SILVER
,,,,,,,,,,,,LightGreyBlue1,BowlTint01,
,,,,,,,,,,,,LightGreyBlue1,BowlTint02,
,,,,,,,,,,,,,,
Pond_Lvl2_Birdbath_Color1,Pond,Pond_Lvl1_Birdbath,,Pond_Lvl2_ALL,2,Tint,,,,,,DarkGrey1,BaseTint01,TID_CUSTOM_DECORATIONS_OPTIONS_DARKGREY
,,,,,,,,,,,,DarkGrey2,BirdbathTint01,
,,,,,,,,,,,,DarkGrey2,BirdbathTint02,
,,,,,,,,,,,,DarkGrey2,OrnamentTint01,
Pond_Lvl2_Birdbath_Color2,Pond,Pond_Lvl1_Birdbath,,Pond_Lvl2_ALL,2,Tint,,,,,,DarkGrey1,BaseTint01,TID_CUSTOM_DECORATIONS_OPTIONS_GOLD
,,,,,,,,,,,,Orange1,BirdbathTint01,
,,,,,,,,,,,,Orange1,BirdbathTint02,
,,,,,,,,,,,,Orange1,OrnamentTint01,
Pond_Lvl2_Birdbath_Color3,Pond,Pond_Lvl1_Birdbath,,Pond_Lvl2_ALL,2,Tint,,,,,,DarkGrey1,BaseTint01,TID_CUSTOM_DECORATIONS_OPTIONS_GREEN
,,,,,,,,,,,,GreenYellow1,BirdbathTint01,
,,,,,,,,,,,,GreenYellow1,BirdbathTint02,
,,,,,,,,,,,,GreenYellow1,OrnamentTint01,
,,,,,,,,,,,,,,
Pond_Lvl3_ALL,Pond,,TRUE,,3,LevelAsset,sc/decos05_modular.sc,lvl1_pagoda,Lvl3,6,,,,
,,,,,,,,lvl0_ground_b,Lvl3,0,,,,
,,,,,,,,lvl0_ground_f,Lvl3,9,,,,
,,,,,,,sc/decos05_modular.sc,lvl1_fountain,Lvl3,6,,,,
,,,,,,,,lvl0_ground_b,Lvl3,0,,,,
,,,,,,,,lvl0_ground_f,Lvl3,9,,,,
,,,,,,,sc/decos05_modular.sc,lvl1_birdbath,Lvl3,6,,,,
,,,,,,,,lvl0_ground_b,Lvl3,0,,,,
,,,,,,,,lvl0_ground_f,Lvl3,9,,,,
,,,,,,,,,,,,,,
Pond_Lvl3_Pagoda_Color1,Pond,Pond_Lvl1_Pagoda,,Pond_Lvl3_ALL,3,Tint,,,,,,DarkGrey2,PagodaTint02,TID_CUSTOM_DECORATIONS_OPTIONS_DARKGREY
Pond_Lvl3_Pagoda_Color2,Pond,Pond_Lvl1_Pagoda,,Pond_Lvl3_ALL,3,Tint,,,,,,Orange1,PagodaTint02,TID_CUSTOM_DECORATIONS_OPTIONS_GOLD
Pond_Lvl3_Pagoda_Color3,Pond,Pond_Lvl1_Pagoda,,Pond_Lvl3_ALL,3,Tint,,,,,,Beige1,PagodaTint02,TID_CUSTOM_DECORATIONS_OPTIONS_WHITE
,,,,,,,,,,,,,,
Pond_Lvl3_Fountain_Color1,Pond,Pond_Lvl1_Fountain,,Pond_Lvl3_ALL,3,Tint,,,,,,DarkGrey1,BaseTint01,TID_CUSTOM_DECORATIONS_OPTIONS_DARKGREY
Pond_Lvl3_Fountain_Color2,Pond,Pond_Lvl1_Fountain,,Pond_Lvl3_ALL,3,Tint,,,,,,Tree_Redbrown,BaseTint01,TID_CUSTOM_DECORATIONS_OPTIONS_BROWN
Pond_Lvl3_Fountain_Color3,Pond,Pond_Lvl1_Fountain,,Pond_Lvl3_ALL,3,Tint,,,,,,Tree_Gray,BaseTint01,TID_CUSTOM_DECORATIONS_OPTIONS_GREY
,,,,,,,,,,,,,,
Pond_Lvl3_Birdbath_Color1,Pond,Pond_Lvl1_Birdbath,,Pond_Lvl3_ALL,3,Tint,,,,,,LightGrey1,BirdbathTint02,TID_CUSTOM_DECORATIONS_OPTIONS_SILVER
Pond_Lvl3_Birdbath_Color2,Pond,Pond_Lvl1_Birdbath,,Pond_Lvl3_ALL,3,Tint,,,,,,GreenYellow1,BirdbathTint02,TID_CUSTOM_DECORATIONS_OPTIONS_GREEN
Pond_Lvl3_Birdbath_Color3,Pond,Pond_Lvl1_Birdbath,,Pond_Lvl3_ALL,3,Tint,,,,,,Gold1,BirdbathTint02,TID_CUSTOM_DECORATIONS_OPTIONS_GOLD
,,,,,,,,,,,,,,
Pond_Lvl4_Pagoda_Deco1,Pond,Pond_Lvl1_Pagoda,,,4,LevelAsset,sc/decos05_modular.sc,lvl1_pagoda,Deco1,,,,,TID_CUSTOM_DECORATIONS_OPTIONS_MOSS
Pond_Lvl4_Pagoda_Deco2,Pond,Pond_Lvl1_Pagoda,,,4,LevelAsset,sc/decos05_modular.sc,lvl1_pagoda,Deco2,,,,,TID_CUSTOM_DECORATIONS_OPTIONS_MAGNOLIAFLOWERS
Pond_Lvl4_Pagoda_Deco3,Pond,Pond_Lvl1_Pagoda,,,4,LevelAsset,sc/decos05_modular.sc,lvl1_pagoda,Deco3,,,,,TID_CUSTOM_DECORATIONS_OPTIONS_JACARANDAFLOWERS
,,,,,,,,,,,,,,
Pond_Lvl4_Fountain_Deco1,Pond,Pond_Lvl1_Fountain,,,4,LevelAsset,sc/decos05_modular.sc,lvl1_fountain,Deco1,,,,,TID_CUSTOM_DECORATIONS_OPTIONS_MOSS
Pond_Lvl4_Fountain_Deco2,Pond,Pond_Lvl1_Fountain,,,4,LevelAsset,sc/decos05_modular.sc,lvl1_fountain,Deco2,,,,,TID_CUSTOM_DECORATIONS_OPTIONS_CHERRYFLOWERS
Pond_Lvl4_Fountain_Deco3,Pond,Pond_Lvl1_Fountain,,,4,LevelAsset,sc/decos05_modular.sc,lvl1_fountain,Deco3,,,,,TID_CUSTOM_DECORATIONS_OPTIONS_JACARANDAFLOWERS
,,,,,,,,,,,,,,
Pond_Lvl4_Birdbath_Deco1,Pond,Pond_Lvl1_Birdbath,,,4,LevelAsset,sc/decos05_modular.sc,lvl1_birdbath,Deco1,,,,,TID_CUSTOM_DECORATIONS_OPTIONS_CHERRYFLOWERS
Pond_Lvl4_Birdbath_Deco2,Pond,Pond_Lvl1_Birdbath,,,4,LevelAsset,sc/decos05_modular.sc,lvl1_birdbath,Deco2,,,,,TID_CUSTOM_DECORATIONS_OPTIONS_JACARANDAFLOWERS
Pond_Lvl4_Birdbath_Deco3,Pond,Pond_Lvl1_Birdbath,,,4,LevelAsset,sc/decos05_modular.sc,lvl1_birdbath,Deco3,,,,,TID_CUSTOM_DECORATIONS_OPTIONS_MAGNOLIAFLOWERS
,,,,,,,,,,,,,,
Pond_Lvl4_Pagoda_Deco1_Color1,Pond,Pond_Lvl4_Pagoda_Deco1,,,4,Tint,,,,,,GreenYellow1,MossTint01,TID_CUSTOM_DECORATIONS_OPTIONS_BRIGHTGREEN
Pond_Lvl4_Pagoda_Deco1_Color2,Pond,Pond_Lvl4_Pagoda_Deco1,,,4,Tint,,,,,,Orange1,MossTint01,TID_CUSTOM_DECORATIONS_OPTIONS_GOLDEN
Pond_Lvl4_Pagoda_Deco1_Color3,Pond,Pond_Lvl4_Pagoda_Deco1,,,4,Tint,,,,,,Tree_Brown,MossTint01,TID_CUSTOM_DECORATIONS_OPTIONS_BROWN
,,,,,,,,,,,,,,
Pond_Lvl4_Pagoda_Deco2_Color1,Pond,Pond_Lvl4_Pagoda_Deco2,,,4,Tint,,,,,,Pink1,MagnoliaTint01,TID_CUSTOM_DECORATIONS_OPTIONS_PINK
,,,,,,,,,,,,Pink2,MagnoliaTint02,
Pond_Lvl4_Pagoda_Deco2_Color2,Pond,Pond_Lvl4_Pagoda_Deco2,,,4,Tint,,,,,,Magenta1,MagnoliaTint01,TID_CUSTOM_DECORATIONS_OPTIONS_MAGENTA
,,,,,,,,,,,,Magenta2,MagnoliaTint02,
Pond_Lvl4_Pagoda_Deco2_Color3,Pond,Pond_Lvl4_Pagoda_Deco2,,,4,Tint,,,,,,Blue1,MagnoliaTint01,TID_CUSTOM_DECORATIONS_OPTIONS_BLUE
,,,,,,,,,,,,Blue2,MagnoliaTint02,
,,,,,,,,,,,,,,
Pond_Lvl4_Pagoda_Deco3_Color1,Pond,Pond_Lvl4_Pagoda_Deco3,,,4,Tint,,,,,,Pink1,FlowerTint01,TID_CUSTOM_DECORATIONS_OPTIONS_PINK
,,,,,,,,,,,,Pink2,FlowerTint02,
Pond_Lvl4_Pagoda_Deco3_Color2,Pond,Pond_Lvl4_Pagoda_Deco3,,,4,Tint,,,,,,Magenta1,FlowerTint01,TID_CUSTOM_DECORATIONS_OPTIONS_MAGENTA
,,,,,,,,,,,,Magenta2,FlowerTint02,
Pond_Lvl4_Pagoda_Deco3_Color3,Pond,Pond_Lvl4_Pagoda_Deco3,,,4,Tint,,,,,,Blue1,FlowerTint01,TID_CUSTOM_DECORATIONS_OPTIONS_BLUE
,,,,,,,,,,,,Blue2,FlowerTint02,
,,,,,,,,,,,,,,
Pond_Lvl4_Fountain_Deco1_Color1,Pond,Pond_Lvl4_Fountain_Deco1,,,4,Tint,,,,,,GreenYellow1,MossTint01,TID_CUSTOM_DECORATIONS_OPTIONS_BRIGHTGREEN
Pond_Lvl4_Fountain_Deco1_Color2,Pond,Pond_Lvl4_Fountain_Deco1,,,4,Tint,,,,,,Orange1,MossTint01,TID_CUSTOM_DECORATIONS_OPTIONS_GOLDEN
Pond_Lvl4_Fountain_Deco1_Color3,Pond,Pond_Lvl4_Fountain_Deco1,,,4,Tint,,,,,,Tree_Brown,MossTint01,TID_CUSTOM_DECORATIONS_OPTIONS_BROWN
,,,,,,,,,,,,,,
Pond_Lvl4_Fountain_Deco2_Color1,Pond,Pond_Lvl4_Fountain_Deco2,,,4,Tint,,,,,,Yellow1,SeedTint01,TID_CUSTOM_DECORATIONS_OPTIONS_WHITE
,,,,,,,,,,,,Beige1,FlowerTint01,
Pond_Lvl4_Fountain_Deco2_Color2,Pond,Pond_Lvl4_Fountain_Deco2,,,4,Tint,,,,,,Orange1,SeedTint01,TID_CUSTOM_DECORATIONS_OPTIONS_PINK
,,,,,,,,,,,,Pink1,FlowerTint01,
Pond_Lvl4_Fountain_Deco2_Color3,Pond,Pond_Lvl4_Fountain_Deco2,,,4,Tint,,,,,,Gold1,SeedTint01,TID_CUSTOM_DECORATIONS_OPTIONS_BLUE
,,,,,,,,,,,,Blue1,FlowerTint01,
,,,,,,,,,,,,,,
Pond_Lvl4_Fountain_Deco3_Color1,Pond,Pond_Lvl4_Fountain_Deco3,,,4,Tint,,,,,,Pink1,FlowerTint01,TID_CUSTOM_DECORATIONS_OPTIONS_PINK
,,,,,,,,,,,,Pink2,FlowerTint02,
Pond_Lvl4_Fountain_Deco3_Color2,Pond,Pond_Lvl4_Fountain_Deco3,,,4,Tint,,,,,,Magenta1,FlowerTint01,TID_CUSTOM_DECORATIONS_OPTIONS_MAGENTA
,,,,,,,,,,,,Magenta2,FlowerTint02,
Pond_Lvl4_Fountain_Deco3_Color3,Pond,Pond_Lvl4_Fountain_Deco3,,,4,Tint,,,,,,Blue1,FlowerTint01,TID_CUSTOM_DECORATIONS_OPTIONS_BLUE
,,,,,,,,,,,,Blue2,FlowerTint02,
,,,,,,,,,,,,,,
Pond_Lvl4_Birdbath_Deco1_Color1,Pond,Pond_Lvl4_Birdbath_Deco1,,,4,Tint,,,,,,Yellow1,SeedTint01,TID_CUSTOM_DECORATIONS_OPTIONS_WHITE
,,,,,,,,,,,,Beige1,FlowerTint01,
Pond_Lvl4_Birdbath_Deco1_Color2,Pond,Pond_Lvl4_Birdbath_Deco1,,,4,Tint,,,,,,Orange1,SeedTint01,TID_CUSTOM_DECORATIONS_OPTIONS_PINK
,,,,,,,,,,,,Pink1,FlowerTint01,
Pond_Lvl4_Birdbath_Deco1_Color3,Pond,Pond_Lvl4_Birdbath_Deco1,,,4,Tint,,,,,,Gold1,SeedTint01,TID_CUSTOM_DECORATIONS_OPTIONS_BLUE
,,,,,,,,,,,,Blue1,FlowerTint01,
,,,,,,,,,,,,,,
Pond_Lvl4_Birdbath_Deco2_Color1,Pond,Pond_Lvl4_Birdbath_Deco2,,,4,Tint,,,,,,Pink1,FlowerTint01,TID_CUSTOM_DECORATIONS_OPTIONS_PINK
,,,,,,,,,,,,Pink2,FlowerTint02,
Pond_Lvl4_Birdbath_Deco2_Color2,Pond,Pond_Lvl4_Birdbath_Deco2,,,4,Tint,,,,,,Magenta1,FlowerTint01,TID_CUSTOM_DECORATIONS_OPTIONS_MAGENTA
,,,,,,,,,,,,Magenta2,FlowerTint02,
Pond_Lvl4_Birdbath_Deco2_Color3,Pond,Pond_Lvl4_Birdbath_Deco2,,,4,Tint,,,,,,Blue1,FlowerTint01,TID_CUSTOM_DECORATIONS_OPTIONS_BLUE
,,,,,,,,,,,,Blue2,FlowerTint02,
,,,,,,,,,,,,,,
Pond_Lvl4_Birdbath_Deco3_Color1,Pond,Pond_Lvl4_Birdbath_Deco3,,,4,Tint,,,,,,Pink1,MagnoliaTint01,TID_CUSTOM_DECORATIONS_OPTIONS_PINK
,,,,,,,,,,,,Pink1,MagnoliaTint02,
,,,,,,,,,,,,Pink2,MagnoliaTint03,
Pond_Lvl4_Birdbath_Deco3_Color2,Pond,Pond_Lvl4_Birdbath_Deco3,,,4,Tint,,,,,,Magenta1,MagnoliaTint01,TID_CUSTOM_DECORATIONS_OPTIONS_MAGENTA
,,,,,,,,,,,,Magenta1,MagnoliaTint02,
,,,,,,,,,,,,Magenta2,MagnoliaTint03,
Pond_Lvl4_Birdbath_Deco3_Color3,Pond,Pond_Lvl4_Birdbath_Deco3,,,4,Tint,,,,,,Blue1,MagnoliaTint01,TID_CUSTOM_DECORATIONS_OPTIONS_BLUE
,,,,,,,,,,,,Blue1,MagnoliaTint02,
,,,,,,,,,,,,Blue2,MagnoliaTint03,
,,,,,,,,,,,,,,
Pond_Lvl5_ALL,Pond,,TRUE,,5,LevelAsset,sc/decos05_modular.sc,lvl0_ground_b,Lvl4,0,,,,
,,,,,,,sc/decos05_modular.sc,lvl0_ground_f,Lvl4,9,,,,
,,,,,,,,,,,,,,
Pond_Lvl5_StoneEdge,Pond,,,Pond_Lvl5_ALL,5,Asset,sc/decos05_modular.sc,lvl5_stone_edge_b,Lvl1,1,,,,TID_MODULAR_POND_LVL5_STONEEDGE
,,,,,,,sc/decos05_modular.sc,lvl5_stone_edge_f,Lvl1,13,,,,
,,,,,,,,,,,,,,
Pond_Lvl5_MosaicEdge,Pond,,,Pond_Lvl5_ALL,5,Asset,sc/decos05_modular.sc,lvl5_mosaic_edge_b,Lvl1,1,,,,TID_MODULAR_POND_LVL5_MOSAICEDGE
,,,,,,,sc/decos05_modular.sc,lvl5_mosaic_edge_f,Lvl1,10,,,,
,,,,,,,,,,,,,,
Pond_Lvl5_Fence,Pond,,,Pond_Lvl5_ALL,5,Asset,sc/decos05_modular.sc,lvl5_fence_b,Lvl1,1,,,,TID_MODULAR_POND_LVL5_FENCE
,,,,,,,sc/decos05_modular.sc,lvl5_fence_f,Lvl1,13,,,,
,,,,,,,,,,,,,,
,,,,,,,,,,,,,,
,,,,,,,,,,,,,,
Pond_Lvl5_StoneEdge_Color1,Pond,Pond_Lvl5_StoneEdge,,,5,Tint,,,,,,Brown2,StonesTint01,TID_CUSTOM_DECORATIONS_OPTIONS_BROWN
,,,,,,,,,,,,Brown2,StonesTint02,
Pond_Lvl5_StoneEdge_Color2,Pond,Pond_Lvl5_StoneEdge,,,5,Tint,,,,,,LightGreyBlue1,StonesTint01,TID_CUSTOM_DECORATIONS_OPTIONS_WHITE
,,,,,,,,,,,,LightGreyBlue1,StonesTint02,
Pond_Lvl5_StoneEdge_Color3,Pond,Pond_Lvl5_StoneEdge,,,5,Tint,,,,,,DarkGrey1,StonesTint01,TID_CUSTOM_DECORATIONS_OPTIONS_DARKGREY
,,,,,,,,,,,,DarkGrey1,StonesTint02,
,,,,,,,,,,,,,,
Pond_Lvl5_MosaicEdge_Color1,Pond,Pond_Lvl5_MosaicEdge,,,5,Tint,,,,,,DarkGrey2,BorderTint01,TID_CUSTOM_DECORATIONS_OPTIONS_BLUE
,,,,,,,,,,,,BlueGrey1,EdgeTint01,
,,,,,,,,,,,,BlueGrey1,EdgeTint02,
,,,,,,,,,,,,LightGreyBlue1,BgTint01,
Pond_Lvl5_MosaicEdge_Color2,Pond,Pond_Lvl5_MosaicEdge,,,5,Tint,,,,,,Tree_Gray,BorderTint01,TID_CUSTOM_DECORATIONS_OPTIONS_DARKGREY
,,,,,,,,,,,,Grey1,EdgeTint01,
,,,,,,,,,,,,Grey1,EdgeTint02,
,,,,,,,,,,,,LightGreyBlue1,BgTint01,
Pond_Lvl5_MosaicEdge_Color3,Pond,Pond_Lvl5_MosaicEdge,,,5,Tint,,,,,,Tree_Terracotta2,BorderTint01,TID_CUSTOM_DECORATIONS_OPTIONS_BROWN
,,,,,,,,,,,,Brown2,EdgeTint01,
,,,,,,,,,,,,Brown2,EdgeTint02,
,,,,,,,,,,,,Brown3,BgTint01,
,,,,,,,,,,,,,,
Pond_Lvl5_Fence_Color1,Pond,Pond_Lvl5_Fence,,,5,Tint,,,,,,DarkGrey2,FenceTint01,TID_CUSTOM_DECORATIONS_OPTIONS_DARKGREY
,,,,,,,,,,,,Gold1,FenceTint02,
,,,,,,,,,,,,LightGreyBlue1,BgTint01,
Pond_Lvl5_Fence_Color2,Pond,Pond_Lvl5_Fence,,,5,Tint,,,,,,Orange2,FenceTint01,TID_CUSTOM_DECORATIONS_OPTIONS_COPPER
,,,,,,,,,,,,Gold1,FenceTint02,
,,,,,,,,,,,,LightGrey1,BgTint01,
Pond_Lvl5_Fence_Color3,Pond,Pond_Lvl5_Fence,,,5,Tint,,,,,,Brown1,FenceTint01,TID_CUSTOM_DECORATIONS_OPTIONS_BRONZE
,,,,,,,,,,,,Orange1,FenceTint02,
,,,,,,,,,,,,Beige1,BgTint01,
,,,,,,,,,,,,,,
Pond_Lvl6_ALL,Pond,,TRUE,,6,LevelAsset,sc/decos05_modular.sc,lvl0_ground_b,,0,,,,
,,,,,,,sc/decos05_modular.sc,lvl0_ground_f,,9,,,,
,,,,,,,,,,,,,,
,,,,,,,,,,,,,,
Pond_Lvl6_Pond,Pond,,,Pond_Lvl6_ALL,6,Asset,sc/decos05_modular.sc,lvl6_pond,Lvl1,0,,,,TID_MODULAR_POND_LVL6_POND
,,,,,,,sc/decos05_modular.sc,lvl6_pond_ripples,Lvl1,3,,,,
,,,,,,,sc/decos05_modular.sc,lvl6_water_lettuce_b,Lvl1,4,,,,
,,,,,,,sc/decos05_modular.sc,lvl6_water_lettuce_f,Lvl1,11,,,,
,,,,,,,,,,,,,,
Pond_Lvl6_Sand,Pond,,,Pond_Lvl6_ALL,6,Asset,sc/decos05_modular.sc,lvl6_sand,Lvl1,0,,,,TID_MODULAR_POND_LVL6_SAND
,,,,,,,,,,,,,,
Pond_Lvl6_MosaicCenter,Pond,,,Pond_Lvl6_ALL,6,Asset,sc/decos05_modular.sc,lvl6_mosaic_center,Lvl1,0,,,,TID_MODULAR_POND_LVL5_MOSAICEDGE
,,,,,,,,,,,,,,
Pond_Lvl6_Pond_Color1,Pond,Pond_Lvl6_Pond,,,6,Tint,,,,,,GreenYellow1,LettuceTint01,TID_CUSTOM_DECORATIONS_OPTIONS_BRIGHTGREEN
Pond_Lvl6_Pond_Color2,Pond,Pond_Lvl6_Pond,,,6,Tint,,,,,,Green1,LettuceTint01,TID_CUSTOM_DECORATIONS_OPTIONS_GREEN
Pond_Lvl6_Pond_Color3,Pond,Pond_Lvl6_Pond,,,6,Tint,,,,,,Orange1,LettuceTint01,TID_CUSTOM_DECORATIONS_OPTIONS_GOLDEN
,,,,,,,,,,,,,,
Pond_Lvl6_Sand_Color1,Pond,Pond_Lvl6_Sand,,,6,Tint,,,,,,Beige1,SandTint01,TID_CUSTOM_DECORATIONS_OPTIONS_WHITE
Pond_Lvl6_Sand_Color2,Pond,Pond_Lvl6_Sand,,,6,Tint,,,,,,Brown3,SandTint01,TID_CUSTOM_DECORATIONS_OPTIONS_BEIGE
Pond_Lvl6_Sand_Color3,Pond,Pond_Lvl6_Sand,,,6,Tint,,,,,,Orange1,SandTint01,TID_CUSTOM_DECORATIONS_OPTIONS_GOLDEN
,,,,,,,,,,,,,,
Pond_Lvl6_MosaicCenter_Color1,Pond,Pond_Lvl6_MosaicCenter,,,6,Tint,,,,,,Orange1,MosaicTint01,TID_CUSTOM_DECORATIONS_OPTIONS_GOLD
,,,,,,,,,,,,Orange2,MosaicTint02,
,,,,,,,,,,,,Orange3,MosaicTint03,
,,,,,,,,,,,,Beige1,MosaicTint04,
Pond_Lvl6_MosaicCenter_Color2,Pond,Pond_Lvl6_MosaicCenter,,,6,Tint,,,,,,Grey1,MosaicTint01,TID_CUSTOM_DECORATIONS_OPTIONS_DARKGREY
,,,,,,,,,,,,Grey1,MosaicTint02,
,,,,,,,,,,,,Grey1,MosaicTint03,
,,,,,,,,,,,,LightGreyBlue1,MosaicTint04,
Pond_Lvl6_MosaicCenter_Color3,Pond,Pond_Lvl6_MosaicCenter,,,6,Tint,,,,,,DarkGrey2,MosaicTint01,TID_CUSTOM_DECORATIONS_OPTIONS_BLUE
,,,,,,,,,,,,BlueGrey1,MosaicTint02,
,,,,,,,,,,,,BlueGrey1,MosaicTint03,
,,,,,,,,,,,,LightGreyBlue1,MosaicTint04,
,,,,,,,,,,,,,,
Pond_Lvl7_KoiFish,Pond,Pond_Lvl6_Pond,,,7,Asset,sc/decos05_modular.sc,lvl7_koifish,Lvl1,2,,,,TID_MODULAR_POND_LVL7_KOIFISH
,,,,,,,,,,,,,,
Pond_Lvl7_Lilies,Pond,Pond_Lvl6_Pond,,,7,Asset,sc/decos05_modular.sc,lvl7_lilies_b,Lvl1,5,,,,TID_MODULAR_POND_LVL7_LILIES
,,,,,,,sc/decos05_modular.sc,lvl7_lilies_f,Lvl1,12,,,,
,,,,,,,,,,,,,,
Pond_Lvl7_Bamboo,Pond,Pond_Lvl6_Sand,,,7,Asset,sc/decos05_modular.sc,lvl7_bamboo_b,Lvl1,5,,,,TID_CUSTOM_DECORATIONS_OPTIONS_BAMBOO
,,Pond_Lvl6_MosaicCenter,,,,,sc/decos05_modular.sc,lvl7_bamboo_f,Lvl1,12,,,,
,,,,,,,,,,,,,,
Pond_Lvl7_BambooPond,Pond,Pond_Lvl6_Pond,,,7,Asset,sc/decos05_modular.sc,lvl7_bamboo_pond_b,Lvl1,2,,,,TID_CUSTOM_DECORATIONS_OPTIONS_BAMBOO
,,,,,,,sc/decos05_modular.sc,lvl7_bamboo_pond_f,Lvl1,9,,,,
,,,,,,,,,,,,,,
Pond_Lvl7_Pebbles,Pond,Pond_Lvl6_Sand,,,7,Asset,sc/decos05_modular.sc,lvl7_pebbles_b,Lvl1,2,,,,TID_MODULAR_POND_LVL7_PEBBLES
,,Pond_Lvl6_MosaicCenter,,,,,sc/decos05_modular.sc,lvl7_pebbles_f,Lvl1,12,,,,
,,,,,,,,,,,,,,
Pond_Lvl7_Lanterns,Pond,Pond_Lvl6_Sand,,,7,Asset,sc/decos05_modular.sc,lvl7_lanterns,Lvl1,12,,,,TID_MODULAR_POND_LVL7_LANTERNS
,,Pond_Lvl6_MosaicCenter,,,,,,,,,,,,
,,,,,,,,,,,,,,
Pond_Lvl7_KoiFish_Color1,Pond,Pond_Lvl7_KoiFish,,,7,Tint,,,,,,Beige1,FishTint01,TID_CUSTOM_DECORATIONS_OPTIONS_WHITE
,,,,,,,,,,,,Orange2,FishTint02,
,,,,,,,,,,,,Orange2,MouthTint01,
Pond_Lvl7_KoiFish_Color2,Pond,Pond_Lvl7_KoiFish,,,7,Tint,,,,,,Magenta2,FishTint01,TID_CUSTOM_DECORATIONS_OPTIONS_RED
,,,,,,,,,,,,Red1,FishTint02,
,,,,,,,,,,,,Orange2,MouthTint01,
Pond_Lvl7_KoiFish_Color3,Pond,Pond_Lvl7_KoiFish,,,7,Tint,,,,,,Yellow1,FishTint01,TID_CUSTOM_DECORATIONS_OPTIONS_GOLDEN
,,,,,,,,,,,,DarkGrey1,FishTint02,
,,,,,,,,,,,,Yellow1,MouthTint01,
,,,,,,,,,,,,,,
Pond_Lvl7_Lilies_Color1,Pond,Pond_Lvl7_Lilies,,,7,Tint,,,,,,Pink2,LilyTint01,TID_CUSTOM_DECORATIONS_OPTIONS_PINK
,,,,,,,,,,,,Yellow1,LilyTint02,
,,,,,,,,,,,,Pink1,LilyTint03,
,,,,,,,,,,,,Green2,LeafTint01,
Pond_Lvl7_Lilies_Color2,Pond,Pond_Lvl7_Lilies,,,7,Tint,,,,,,Magenta2,LilyTint01,TID_CUSTOM_DECORATIONS_OPTIONS_MAGENTA
,,,,,,,,,,,,Orange1,LilyTint02,
,,,,,,,,,,,,Magenta1,LilyTint03,
,,,,,,,,,,,,Green1,LeafTint01,
Pond_Lvl7_Lilies_Color3,Pond,Pond_Lvl7_Lilies,,,7,Tint,,,,,,Blue2,LilyTint01,TID_CUSTOM_DECORATIONS_OPTIONS_BLUE
,,,,,,,,,,,,Yellow1,LilyTint02,
,,,,,,,,,,,,Blue1,LilyTint03,
,,,,,,,,,,,,Green1,LeafTint01,
,,,,,,,,,,,,,,
Pond_Lvl7_Bamboo_Color1,Pond,Pond_Lvl7_Bamboo,,,7,Tint,,,,,,GreenYellow1,BambooTint01,TID_CUSTOM_DECORATIONS_OPTIONS_BRIGHTGREEN
Pond_Lvl7_Bamboo_Color2,Pond,Pond_Lvl7_Bamboo,,,7,Tint,,,,,,Green1,BambooTint01,TID_CUSTOM_DECORATIONS_OPTIONS_GREEN
Pond_Lvl7_Bamboo_Color3,Pond,Pond_Lvl7_Bamboo,,,7,Tint,,,,,,Orange1,BambooTint01,TID_CUSTOM_DECORATIONS_OPTIONS_GOLDEN
,,,,,,,,,,,,,,
Pond_Lvl7_BambooPond_Color1,Pond,Pond_Lvl7_BambooPond,,,7,Tint,,,,,,GreenYellow1,BambooTint01,TID_CUSTOM_DECORATIONS_OPTIONS_BRIGHTGREEN
Pond_Lvl7_BambooPond_Color2,Pond,Pond_Lvl7_BambooPond,,,7,Tint,,,,,,Green1,BambooTint01,TID_CUSTOM_DECORATIONS_OPTIONS_GREEN
Pond_Lvl7_BambooPond_Color3,Pond,Pond_Lvl7_BambooPond,,,7,Tint,,,,,,Orange1,BambooTint01,TID_CUSTOM_DECORATIONS_OPTIONS_GOLDEN
,,,,,,,,,,,,,,
Pond_Lvl7_Pebbles_Color1,Pond,Pond_Lvl7_Pebbles,,,7,Tint,,,,,,LightGrey1,PebblesTint01,TID_CUSTOM_DECORATIONS_OPTIONS_LIGHTGREY
Pond_Lvl7_Pebbles_Color2,Pond,Pond_Lvl7_Pebbles,,,7,Tint,,,,,,Beige1,PebblesTint01,TID_CUSTOM_DECORATIONS_OPTIONS_WHITE
Pond_Lvl7_Pebbles_Color3,Pond,Pond_Lvl7_Pebbles,,,7,Tint,,,,,,Grey1,PebblesTint01,TID_CUSTOM_DECORATIONS_OPTIONS_GREY
,,,,,,,,,,,,,,
Pond_Lvl7_Lanterns_Color1,Pond,Pond_Lvl7_Lanterns,,,7,Tint,,,,,,DarkGrey2,DecoTint01,TID_CUSTOM_DECORATIONS_OPTIONS_DARKGREY
,,,,,,,,,,,,DarkGrey2,DecoTint02,
Pond_Lvl7_Lanterns_Color2,Pond,Pond_Lvl7_Lanterns,,,7,Tint,,,,,,Orange2,DecoTint01,TID_CUSTOM_DECORATIONS_OPTIONS_COPPER
,,,,,,,,,,,,Orange1,DecoTint02,
Pond_Lvl7_Lanterns_Color3,Pond,Pond_Lvl7_Lanterns,,,7,Tint,,,,,,Brown1,DecoTint01,TID_CUSTOM_DECORATIONS_OPTIONS_BRONZE
,,,,,,,,,,,,Brown2,DecoTint02,
,,,,,,,,,,,,,,
,,,,,,,,,,,,,,
Tree_Lvl0_ALL,Tree,,,,0,Asset,sc/decos05_modular.sc,lvl0_pedestal_rope_f,Lvl1,12,,,,TID_MODULAR_TREE
,,,,,,,sc/decos05_modular.sc,lvl_master_pedestaldeco_overgrown_f,Lvl0,11,,,,
,,,,,,,sc/decos05_modular.sc,lvl_master_leafs_f,Lvl0,9,,,,
,,,,,,,sc/decos05_modular.sc,lvl_master_leafs_m,Lvl0,7,,,,
,,,,,,,sc/decos05_modular.sc,lvl_master_trunk,Lvl0,6,,,,
,,,,,,,sc/decos05_modular.sc,lvl_master_leafs_b,Lvl0,5,,,,
,,,,,,,sc/decos05_modular.sc,lvl_master_pedestaldeco_overgrown_b,Lvl0,2,,,,
,,,,,,,sc/decos05_modular.sc,lvl0_pedestal_rope_b,Lvl1,1,,,,
,,,,,,,,,,,,,,
Tree_Lvl0_Color1,Tree,,,Tree_Lvl0_ALL,0,Tint,,,,,,Tree_Brown,TrunkTint01,
,,,,,,,,,,,,,,
Tree_Lvl1_ALL,Tree,,TRUE,,1,Asset,sc/decos05_modular.sc,lvl_master_pedestaldeco_overgrown_f,Lvl1,11,,,,
,,,,,,,sc/decos05_modular.sc,lvl_master_leafs_f,Lvl1,9,,,,
,,,,,,,sc/decos05_modular.sc,lvl_master_leafs_m,Lvl1,7,,,,
,,,,,,,sc/decos05_modular.sc,lvl_master_trunk,Lvl1,6,,,,
,,,,,,,sc/decos05_modular.sc,lvl_master_leafs_b,Lvl1,5,,,,
,,,,,,,sc/decos05_modular.sc,lvl_master_pedestaldeco_overgrown_b,Lvl1,2,,,,
,,,,,,,,,,,,,,
Tree_Lvl1_Leafs_Color1,Tree,,,Tree_Lvl1_ALL,1,Tint,,,,,,Tree_Green1,LeafTint01,TID_CUSTOM_DECORATIONS_OPTIONS_GREEN
,,,,,,,,,,,,Tree_Green1,LeafTint02,
,,,,,,,,,,,,Tree_Green1,LeafTint03,
,,,,,,,,,,,,Tree_Brown,TrunkTint01,
Tree_Lvl1_Leafs_Color2,Tree,,,Tree_Lvl1_ALL,1,Tint,,,,,,Tree_Purple1,LeafTint01,TID_CUSTOM_DECORATIONS_OPTIONS_PURPLE
,,,,,,,,,,,,Tree_Purple1,LeafTint02,
,,,,,,,,,,,,Tree_Purple1,LeafTint03,
,,,,,,,,,,,,Tree_Brown,TrunkTint01,
Tree_Lvl1_Leafs_Color3,Tree,,,Tree_Lvl1_ALL,1,Tint,,,,,,GreenYellow1,LeafTint01,TID_CUSTOM_DECORATIONS_OPTIONS_BRIGHTGREEN
,,,,,,,,,,,,GreenYellow1,LeafTint02,
,,,,,,,,,,,,GreenYellow1,LeafTint03,
,,,,,,,,,,,,Tree_Brown,TrunkTint01,
,,,,,,,,,,,,,,
Tree_Lvl2_ALL,Tree,,TRUE,,2,LevelAsset,sc/decos05_modular.sc,lvl_master_pedestaldeco_overgrown_f,Lvl1,11,,,,
,,,,,,,sc/decos05_modular.sc,lvl_master_leafs_f,Lvl2,9,,,,
,,,,,,,sc/decos05_modular.sc,lvl_master_leafs_m,Lvl2,7,,,,
,,,,,,,sc/decos05_modular.sc,lvl_master_trunk,Lvl2,6,,,,
,,,,,,,sc/decos05_modular.sc,lvl_master_leafs_b,Lvl2,5,,,,
,,,,,,,sc/decos05_modular.sc,lvl_master_pedestaldeco_overgrown_b,Lvl1,2,,,,
,,,,,,,,,,,,,,
Tree_Lvl2_Trunk_Color1,Tree,,,Tree_Lvl2_ALL,2,Tint,,,,,,Tree_Brown,TrunkTint01,TID_CUSTOM_DECORATIONS_OPTIONS_BROWN
Tree_Lvl2_Trunk_Color2,Tree,,,Tree_Lvl2_ALL,2,Tint,,,,,,Tree_LBrown,TrunkTint01,TID_CUSTOM_DECORATIONS_OPTIONS_REDDISH
Tree_Lvl2_Trunk_Color3,Tree,,,Tree_Lvl2_ALL,2,Tint,,,,,,Tree_Gray,TrunkTint01,TID_CUSTOM_DECORATIONS_OPTIONS_GREYISH
,,,,,,,,,,,,,,
Tree_Lvl3_ALL,Tree,,TRUE,,3,LevelAsset,sc/decos05_modular.sc,lvl_master_pedestaldeco_overgrown_f,Lvl3,11,,,,
,,,,,,,sc/decos05_modular.sc,lvl_master_leafs_f,Lvl3,9,,,,
,,,,,,,sc/decos05_modular.sc,lvl_master_leafs_m,Lvl3,7,,,,
,,,,,,,sc/decos05_modular.sc,lvl_master_trunk,Lvl3,6,,,,
,,,,,,,sc/decos05_modular.sc,lvl_master_leafs_b,Lvl3,5,,,,
,,,,,,,sc/decos05_modular.sc,lvl_master_pedestaldeco_overgrown_b,Lvl3,2,,,,
,,,,,,,,,,,,,,
,,,,,,,,,,,,,,
Tree_Lvl3_Cherry,Tree,,,Tree_Lvl3_ALL,3,Asset,sc/decos05_modular.sc,lvl4_flowers_cherry_ALL_f,Lvl1,10,,,,TID_CUSTOM_DECORATIONS_OPTIONS_CHERRYFLOWERS
,,,,,,,sc/decos05_modular.sc,lvl4_flowers_cherry_ALL_b,Lvl1,4,,,,
,,,,,,,,,,,,,,
Tree_Lvl3_Jacaranda,Tree,,,Tree_Lvl3_ALL,3,Asset,sc/decos05_modular.sc,lvl4_flowers_jacaranda_ALL_f,Lvl1,10,,,,TID_CUSTOM_DECORATIONS_OPTIONS_JACARANDAFLOWERS
,,,,,,,sc/decos05_modular.sc,lvl4_flowers_jacaranda_ALL_b,Lvl1,4,,,,
,,,,,,,,,,,,,,
Tree_Lvl3_Magnolia,Tree,,,Tree_Lvl3_ALL,3,Asset,sc/decos05_modular.sc,lvl4_flowers_magnolia_ALL_f,Lvl1,10,,,,TID_CUSTOM_DECORATIONS_OPTIONS_MAGNOLIAFLOWERS
,,,,,,,sc/decos05_modular.sc,lvl4_flowers_magnolia_ALL_b,Lvl1,4,,,,
,,,,,,,,,,,,,,
Tree_Lvl3_Cherry_Color1,Tree,Tree_Lvl3_Cherry,,,3,Tint,,,,,,Tree_Cream2,FlowerTint01,TID_CUSTOM_DECORATIONS_OPTIONS_WHITE
Tree_Lvl3_Cherry_Color2,Tree,Tree_Lvl3_Cherry,,,3,Tint,,,,,,Yellow1,FlowerTint01,TID_CUSTOM_DECORATIONS_OPTIONS_ORANGE
Tree_Lvl3_Cherry_Color3,Tree,Tree_Lvl3_Cherry,,,3,Tint,,,,,,Pink1,FlowerTint01,TID_CUSTOM_DECORATIONS_OPTIONS_PINK
,,,,,,,,,,,,,,
Tree_Lvl3_Jacaranda_Color1,Tree,Tree_Lvl3_Jacaranda,,,3,Tint,,,,,,Tree_LBlue,FlowerTint01,TID_CUSTOM_DECORATIONS_OPTIONS_BLUE
,,,,,,,,,,,,Blue2,FlowerTint02,
Tree_Lvl3_Jacaranda_Color2,Tree,Tree_Lvl3_Jacaranda,,,3,Tint,,,,,,Yellow1,FlowerTint01,TID_CUSTOM_DECORATIONS_OPTIONS_ORANGE
,,,,,,,,,,,,Orange1,FlowerTint02,
Tree_Lvl3_Jacaranda_Color3,Tree,Tree_Lvl3_Jacaranda,,,3,Tint,,,,,,Tree_Cream2,FlowerTint01,TID_CUSTOM_DECORATIONS_OPTIONS_WHITE
,,,,,,,,,,,,Tree_Cream1,FlowerTint02,
,,,,,,,,,,,,,,
Tree_Lvl3_Magnolia_Color1,Tree,Tree_Lvl3_Magnolia,,,3,Tint,,,,,,Pink1,FlowerTint01,TID_CUSTOM_DECORATIONS_OPTIONS_MAGENTA
,,,,,,,,,,,,Pink2,FlowerTint02,
,,,,,,,,,,,,Tree_Cream2,FlowerTint03,
,,,,,,,,,,,,Pink2,FlowerTint04,
,,,,,,,,,,,,Pink1,FlowerTint05,
Tree_Lvl3_Magnolia_Color2,Tree,Tree_Lvl3_Magnolia,,,3,Tint,,,,,,Tree_Cream2,FlowerTint01,TID_CUSTOM_DECORATIONS_OPTIONS_YELLOW
,,,,,,,,,,,,Orange3,FlowerTint02,
,,,,,,,,,,,,Orange3,FlowerTint03,
,,,,,,,,,,,,Orange3,FlowerTint04,
,,,,,,,,,,,,Orange3,FlowerTint05,
Tree_Lvl3_Magnolia_Color3,Tree,Tree_Lvl3_Magnolia,,,3,Tint,,,,,,Tree_Cream2,FlowerTint01,TID_CUSTOM_DECORATIONS_OPTIONS_PINK
,,,,,,,,,,,,Tree_LViolet,FlowerTint02,
,,,,,,,,,,,,Tree_LViolet,FlowerTint03,
,,,,,,,,,,,,Tree_LViolet,FlowerTint04,
,,,,,,,,,,,,Tree_LViolet,FlowerTint05,
,,,,,,,,,,,,,,
,,,,,,,,,,,,,,
Tree_Lvl4_ALL,Tree,,TRUE,,4,LevelAsset,sc/decos05_modular.sc,lvl4_flowers_cherry_ALL_f,Lvl2,,,,,
,,,,,,,sc/decos05_modular.sc,lvl4_flowers_cherry_ALL_b,Lvl2,,,,,
,,,,,,,sc/decos05_modular.sc,lvl4_flowers_jacaranda_ALL_f,Lvl2,,,,,
,,,,,,,sc/decos05_modular.sc,lvl4_flowers_jacaranda_ALL_b,Lvl2,,,,,
,,,,,,,sc/decos05_modular.sc,lvl4_flowers_magnolia_ALL_f,Lvl2,,,,,
,,,,,,,sc/decos05_modular.sc,lvl4_flowers_magnolia_ALL_b,Lvl2,,,,,
,,,,,,,,,,,,,,
Tree_Lvl4_Brickfence,Tree,,,Tree_Lvl4_ALL,4,Asset,sc/decos05_modular.sc,lvl4_pedestal_cubebrick_f,Lvl1,12,,,,TID_CUSTOM_DECORATIONS_OPTIONS_BRICKS
,,,,,,,sc/decos05_modular.sc,lvl4_pedestal_cubebrick_b,Lvl1,1,,,,
,,,,,,,,,,,,,,
Tree_Lvl4_Stonefence,Tree,,,Tree_Lvl4_ALL,4,Asset,sc/decos05_modular.sc,lvl4_pedestal_rock_f,Lvl1,12,,,,TID_MODULAR_POND_LVL5_STONEEDGE
,,,,,,,sc/decos05_modular.sc,lvl4_pedestal_rock_b,Lvl1,1,,,,
,,,,,,,,,,,,,,
Tree_Lvl4_Picketfence,Tree,,,Tree_Lvl4_ALL,4,Asset,sc/decos05_modular.sc,lvl4_pedestal_picketfence_f,Lvl1,12,,,,TID_CUSTOM_DECORATIONS_OPTIONS_FENCE
,,,,,,,sc/decos05_modular.sc,lvl4_pedestal_picketfence_b,Lvl1,1,,,,
,,,,,,,,,,,,,,
Tree_Lvl4_Brickfence_Color1,Tree,Tree_Lvl4_Brickfence,,,4,Tint,,,,,,Tree_None,BrickTint01,TID_CUSTOM_DECORATIONS_OPTIONS_GREY
,,,,,,,,,,,,Tree_None,BrickTint02,
,,,,,,,,,,,,Brown2,BrickTint03,
,,,,,,,,,,,,Tree_Terracotta1,BrickTint04,
Tree_Lvl4_Brickfence_Color2,Tree,Tree_Lvl4_Brickfence,,,4,Tint,,,,,,Brown2,BrickTint01,TID_CUSTOM_DECORATIONS_OPTIONS_WHITE
,,,,,,,,,,,,Brown1,BrickTint02,
,,,,,,,,,,,,Tree_LGray1,BrickTint03,
,,,,,,,,,,,,Tree_LGray1,BrickTint04,
Tree_Lvl4_Brickfence_Color3,Tree,Tree_Lvl4_Brickfence,,,4,Tint,,,,,,Tree_Brown2,BrickTint01,TID_CUSTOM_DECORATIONS_OPTIONS_BROWN
,,,,,,,,,,,,Tree_Brown3,BrickTint02,
,,,,,,,,,,,,Brown2,BrickTint03,
,,,,,,,,,,,,Tree_Terracotta2,BrickTint04,
,,,,,,,,,,,,,,
Tree_Lvl4_Stonefence_Color1,Tree,Tree_Lvl4_Stonefence,,,4,Tint,,,,,,Tree_LGray2,RockTint01,TID_CUSTOM_DECORATIONS_OPTIONS_WHITE
,,,,,,,,,,,,Tree_White,RockTint02,
,,,,,,,,,,,,Tree_LGray1,RockTint03,
Tree_Lvl4_Stonefence_Color2,Tree,Tree_Lvl4_Stonefence,,,4,Tint,,,,,,Brown2,RockTint01,TID_CUSTOM_DECORATIONS_OPTIONS_ORANGE
,,,,,,,,,,,,Brown2,RockTint02,
,,,,,,,,,,,,Brown2,RockTint03,
Tree_Lvl4_Stonefence_Color3,Tree,Tree_Lvl4_Stonefence,,,4,Tint,,,,,,Tree_DGray3,RockTint01,TID_CUSTOM_DECORATIONS_OPTIONS_GREY
,,,,,,,,,,,,Tree_DGray3,RockTint02,
,,,,,,,,,,,,Tree_DGray3,RockTint03,
,,,,,,,,,,,,,,
Tree_Lvl4_Picketfence_Color1,Tree,Tree_Lvl4_Picketfence,,,4,Tint,,,,,,Tree_Cream2,FenceTint01,TID_CUSTOM_DECORATIONS_OPTIONS_WHITE
,,,,,,,,,,,,Tree_Cream2,FenceTint02,
Tree_Lvl4_Picketfence_Color2,Tree,Tree_Lvl4_Picketfence,,,4,Tint,,,,,,Brown2,FenceTint01,TID_CUSTOM_DECORATIONS_OPTIONS_BEIGE
,,,,,,,,,,,,Brown2,FenceTint02,
Tree_Lvl4_Picketfence_Color3,Tree,Tree_Lvl4_Picketfence,,,4,Tint,,,,,,Tree_Brown4,FenceTint01,TID_CUSTOM_DECORATIONS_OPTIONS_BROWN
,,,,,,,,,,,,Tree_Brown4,FenceTint02,
,,,,,,,,,,,,,,
Tree_Lvl5_Grassy,Tree,,,Tree_Lvl4_ALL,5,Asset,sc/decos05_modular.sc,lvl5_pedestaldeco_grassy_f,Lvl1,11,,,,TID_CUSTOM_DECORATIONS_OPTIONS_GRASS
,,,,,,,sc/decos05_modular.sc,lvl5_pedestaldeco_grassy_b,Lvl1,2,,,,
,,,,,,,sc/decos05_modular.sc,lvl0_ground_soil2,Lvl1,0,,,,
,,,,,,,sc/decos05_modular.sc,lvl_master_pedestaldeco_overgrown_f,,,,,,
,,,,,,,sc/decos05_modular.sc,lvl_master_pedestaldeco_overgrown_b,,,,,,
,,,,,,,,,,,,,,
Tree_Lvl5_Pebbles,Tree,,,Tree_Lvl4_ALL,5,Asset,sc/decos05_modular.sc,lvl5_pedestaldeco_pebbles_f,Lvl1,11,,,,TID_MODULAR_POND_LVL7_PEBBLES
,,,,,,,sc/decos05_modular.sc,lvl5_pedestaldeco_pebbles_b,Lvl1,2,,,,
,,,,,,,sc/decos05_modular.sc,lvl0_ground_soil2,Lvl1,0,,,,
,,,,,,,sc/decos05_modular.sc,lvl_master_pedestaldeco_overgrown_f,,,,,,
,,,,,,,sc/decos05_modular.sc,lvl_master_pedestaldeco_overgrown_b,,,,,,
,,,,,,,,,,,,,,
Tree_Lvl4_Pansies,Tree,,,Tree_Lvl4_ALL,5,Asset,sc/decos05_modular.sc,lvl5_pedestaldeco_pansies_f,Lvl1,11,,,,TID_CUSTOM_DECORATIONS_OPTIONS_PANSIES
,,,,,,,sc/decos05_modular.sc,lvl5_pedestaldeco_pansies_b,Lvl1,2,,,,
,,,,,,,sc/decos05_modular.sc,lvl_master_pedestaldeco_overgrown_f,,,,,,
,,,,,,,sc/decos05_modular.sc,lvl_master_pedestaldeco_overgrown_b,,,,,,
,,,,,,,,,,,,,,
Tree_Lvl5_Grassy_Color1,Tree,Tree_Lvl5_Grassy,,,5,Tint,,,,,,Tree_Green3,GrassTint01,TID_CUSTOM_DECORATIONS_OPTIONS_GREEN
,,,,,,,,,,,,Tree_Green4,GrassTint02,
,,,,,,,,,,,,Tree_Violet,GrassTint03,
Tree_Lvl5_Grassy_Color2,Tree,Tree_Lvl5_Grassy,,,5,Tint,,,,,,Gold1,GrassTint01,TID_CUSTOM_DECORATIONS_OPTIONS_GOLDEN
,,,,,,,,,,,,Gold1,GrassTint02,
,,,,,,,,,,,,Tree_Green3,GrassTint03,
Tree_Lvl5_Grassy_Color3,Tree,Tree_Lvl5_Grassy,,,5,Tint,,,,,,Tree_Violet,GrassTint01,TID_CUSTOM_DECORATIONS_OPTIONS_PURPLE
,,,,,,,,,,,,Tree_Violet,GrassTint02,
,,,,,,,,,,,,Tree_Green3,GrassTint03,
,,,,,,,,,,,,,,
Tree_Lvl5_Pebbles_Color1,Tree,Tree_Lvl5_Pebbles,,,5,Tint,,,,,,Tree_Green1,BushTint01,TID_CUSTOM_DECORATIONS_OPTIONS_DARKGREY
,,,,,,,,,,,,Tree_White,StoneTint01,
,,,,,,,,,,,,Tree_DGray1,StoneTint02,
Tree_Lvl5_Pebbles_Color2,Tree,Tree_Lvl5_Pebbles,,,5,Tint,,,,,,Tree_Jade,BushTint01,TID_CUSTOM_DECORATIONS_OPTIONS_WHITE
,,,,,,,,,,,,Tree_DGray1,StoneTint01,
,,,,,,,,,,,,Tree_White,StoneTint02,
Tree_Lvl5_Pebbles_Color3,Tree,Tree_Lvl5_Pebbles,,,5,Tint,,,,,,GreenYellow1,BushTint01,TID_CUSTOM_DECORATIONS_OPTIONS_REDDISH
,,,,,,,,,,,,Tree_White,StoneTint01,
,,,,,,,,,,,,Brown1,StoneTint02,
,,,,,,,,,,,,,,
Tree_Lvl5_Pansies_Color1,Tree,Tree_Lvl4_Pansies,,,5,Tint,,,,,,Tree_Violet,PansyTint01,TID_CUSTOM_DECORATIONS_OPTIONS_YELLOW
,,,,,,,,,,,,Gold1,PansyTint02,
,,,,,,,,,,,,Tree_Purple1,PansyTint03,
Tree_Lvl5_Pansies_Color2,Tree,Tree_Lvl4_Pansies,,,5,Tint,,,,,,Blue2,PansyTint01,TID_CUSTOM_DECORATIONS_OPTIONS_BLUE
,,,,,,,,,,,,Tree_White,PansyTint02,
,,,,,,,,,,,,Blue2,PansyTint03,
Tree_Lvl5_Pansies_Color3,Tree,Tree_Lvl4_Pansies,,,5,Tint,,,,,,Magenta2,PansyTint01,TID_CUSTOM_DECORATIONS_OPTIONS_PURPLE
,,,,,,,,,,,,Tree_LViolet,PansyTint02,
,,,,,,,,,,,,Tree_Purple1,PansyTint03,
,,,,,,,,,,,,,,
Tree_Lvl6_Paperlanterns,Tree,,,Tree_Lvl4_ALL,6,Asset,sc/decos05_modular.sc,lvl6_theme_paperlamps_f,Lvl1,8,,,,TID_CUSTOM_DECORATIONS_OPTIONS_PAPER LANTERNS
,,,,,,,sc/decos05_modular.sc,lvl6_theme_paperlamps_b,Lvl1,3,,,,
Tree_Lvl6_Party,Tree,,,Tree_Lvl4_ALL,6,Asset,sc/decos05_modular.sc,lvl6_theme_party_f,Lvl1,8,,,,TID_CUSTOM_DECORATIONS_OPTIONS_BIRDCAGE
,,,,,,,sc/decos05_modular.sc,lvl6_theme_party_b,Lvl1,3,,,,
Tree_Lvl6_Lanterns,Tree,,,Tree_Lvl4_ALL,6,Asset,sc/decos05_modular.sc,lvl6_theme_lanterns_f,Lvl1,8,,,,TID_CUSTOM_DECORATIONS_OPTIONS_METAL LANTERNS
,,,,,,,sc/decos05_modular.sc,lvl6_theme_lanterns_b,Lvl1,3,,,,
,,,,,,,,,,,,,,
Tree_Lvl6_Paperlanterns_Color1,Tree,Tree_Lvl6_Paperlanterns,,,6,Tint,,,,,,Tree_White,DecoTint01,TID_CUSTOM_DECORATIONS_OPTIONS_WHITE
,,,,,,,,,,,,Tree_White,DecoTint02,
Tree_Lvl6_Paperlanterns_Color2,Tree,Tree_Lvl6_Paperlanterns,,,6,Tint,,,,,,Pink3,DecoTint01,TID_CUSTOM_DECORATIONS_OPTIONS_MAGENTA
,,,,,,,,,,,,Pink3,DecoTint02,
Tree_Lvl6_Paperlanterns_Color3,Tree,Tree_Lvl6_Paperlanterns,,,6,Tint,,,,,,Tree_Aqua,DecoTint01,TID_CUSTOM_DECORATIONS_OPTIONS_BLUE
,,,,,,,,,,,,Tree_Aqua,DecoTint02,
Tree_Lvl6_Paperlanterns_Color4,Tree,Tree_Lvl6_Paperlanterns,,,6,Tint,,,,,,Yellow1,DecoTint01,TID_CUSTOM_DECORATIONS_OPTIONS_ORANGE
,,,,,,,,,,,,Yellow1,DecoTint02,
,,,,,,,,,,,,,,
Tree_Lvl6_Party_Color1,Tree,Tree_Lvl6_Party,,,6,Tint,,,,,,Tree_Cream1,DecoTint01,TID_CUSTOM_DECORATIONS_OPTIONS_WHITE
,,,,,,,,,,,,Tree_Cream1,DecoTint02,
,,,,,,,,,,,,Tree_Cream1,DecoTint03,
Tree_Lvl6_Party_Color2,Tree,Tree_Lvl6_Party,,,6,Tint,,,,,,Orange3,DecoTint01,TID_CUSTOM_DECORATIONS_OPTIONS_YELLOW
,,,,,,,,,,,,Orange3,DecoTint02,
,,,,,,,,,,,,Orange3,DecoTint03,
Tree_Lvl6_Party_Color3,Tree,Tree_Lvl6_Party,,,6,Tint,,,,,,Tree_LPurple,DecoTint01,TID_CUSTOM_DECORATIONS_OPTIONS_PURPLE
,,,,,,,,,,,,Tree_LPurple,DecoTint02,
,,,,,,,,,,,,Tree_LPurple,DecoTint03,
,,,,,,,,,,,,,,
Tree_Lvl6_Lanterns_Color1,Tree,Tree_Lvl6_Lanterns,,,6,Tint,,,,,,Tree_DGray2,DecoTint01,TID_CUSTOM_DECORATIONS_OPTIONS_BLACK
,,,,,,,,,,,,Tree_DGray2,DecoTint02,
Tree_Lvl6_Lanterns_Color2,Tree,Tree_Lvl6_Lanterns,,,6,Tint,,,,,,Brown1,DecoTint01,TID_CUSTOM_DECORATIONS_OPTIONS_BRONZE
,,,,,,,,,,,,Brown1,DecoTint02,
Tree_Lvl6_Lanterns_Color3,Tree,Tree_Lvl6_Lanterns,,,6,Tint,,,,,,Orange3,DecoTint01,TID_CUSTOM_DECORATIONS_OPTIONS_GOLD
,,,,,,,,,,,,Orange3,DecoTint02,
Tree_Lvl6_Lanterns_Color4,Tree,Tree_Lvl6_Lanterns,,,6,Tint,,,,,,Tree_DGray3,DecoTint01,TID_CUSTOM_DECORATIONS_OPTIONS_DARKGREY
,,,,,,,,,,,,Tree_DGray3,DecoTint02,
,,,,,,,,,,,,,,
,,,,,,,,,,,,,,
Planter_Lvl0,Planter,,,,0,Asset,sc/decos05_modular.sc,planter_lvl0,Lvl1,,,,,TID_MODULAR_PEDESTAL
,,,,,,,,,,,,,,
Planter_Lvl1_Podium01,Planter,,,,1,Asset,sc/decos05_modular.sc,planter_lvl1_podium01,Lvl1,7,,,,TID_CUSTOM_DECORATIONS_OPTIONS_CLASSIC
,,,,,,,sc/decos05_modular.sc,planter_lvl1_dirt,Lvl1,1,,,,
,,,,,,,,,,,,,,
Planter_Lvl1_Podium02,Planter,,,,1,Asset,sc/decos05_modular.sc,planter_lvl1_podium02,Lvl1,7,,,,TID_CUSTOM_DECORATIONS_OPTIONS_FLORAL
,,,,,,,sc/decos05_modular.sc,planter_lvl1_dirt,Lvl1,1,,,,
,,,,,,,,,,,,,,
Planter_Lvl1_Podium03,Planter,,,,1,Asset,sc/decos05_modular.sc,planter_lvl1_podium03,Lvl1,7,,,,TID_CUSTOM_DECORATIONS_OPTIONS_RUSTIC
,,,,,,,sc/decos05_modular.sc,planter_lvl1_dirt,Lvl1,1,,,,
,,,,,,,,,,,,,,
Planter_Lvl1_Podium01_Color1,Planter,Planter_Lvl1_Podium01,,,1,Tint,,,Lvl1,,,White_BlueHint,PodiumTint01Top,TID_CUSTOM_DECORATIONS_OPTIONS_WHITE
,,,,,,,,,,,,White_BlueHint,PodiumTint02Pillar,
,,,,,,,,,,,,Almost_Black,PodiumTint03Base,
,,,,,,,,,,,,White_BlueHint,PodiumDetailTint,
Planter_Lvl1_Podium01_Color2,Planter,Planter_Lvl1_Podium01,,,1,Tint,,,Lvl1,,,Green3_Dark,PodiumTint01Top,TID_CUSTOM_DECORATIONS_OPTIONS_BRONZE
,,,,,,,,,,,,Green3_Dark,PodiumTint02Pillar,
,,,,,,,,,,,,Almost_Black,PodiumTint03Base,
,,,,,,,,,,,,Green3_Dark,PodiumDetailTint,
Planter_Lvl1_Podium01_Color3,Planter,Planter_Lvl1_Podium01,,,1,Tint,,,Lvl1,,,Gold1,PodiumTint01Top,TID_CUSTOM_DECORATIONS_OPTIONS_GOLD
,,,,,,,,,,,,Gold2_Old,PodiumTint02Pillar,
,,,,,,,,,,,,Almost_Black,PodiumTint03Base,
,,,,,,,,,,,,Gold1,PodiumDetailTint,
Planter_Lvl1_Podium01_Color4,Planter,Planter_Lvl1_Podium01,,,1,Tint,,,Lvl1,,,Tree_Gray,PodiumTint01Top,TID_CUSTOM_DECORATIONS_OPTIONS_GREY
,,,,,,,,,,,,Tree_Gray,PodiumTint02Pillar,
,,,,,,,,,,,,Almost_Black,PodiumTint03Base,
,,,,,,,,,,,,Tree_Gray,PodiumDetailTint,
Planter_Lvl1_Podium02_Color1,Planter,Planter_Lvl1_Podium02,,,1,Tint,,,Lvl1,,,Green3_LOlive,PodiumTint01Top,TID_CUSTOM_DECORATIONS_OPTIONS_BEIGE
,,,,,,,,,,,,Green3_Dark,PodiumTint02Pillar,
,,,,,,,,,,,,Almost_Black,PodiumTint03Base,
,,,,,,,,,,,,Green3_Dark,PodiumDetailTint,
Planter_Lvl1_Podium02_Color2,Planter,Planter_Lvl1_Podium02,,,1,Tint,,,Lvl1,,,Yellow4,PodiumTint01Top,TID_CUSTOM_DECORATIONS_OPTIONS_YELLOW
,,,,,,,,,,,,Green3_Dark,PodiumTint02Pillar,
,,,,,,,,,,,,Almost_Black,PodiumTint03Base,
,,,,,,,,,,,,Green3_Dark,PodiumDetailTint,
Planter_Lvl1_Podium02_Color3,Planter,Planter_Lvl1_Podium02,,,1,Tint,,,Lvl1,,,Pink1,PodiumTint01Top,TID_CUSTOM_DECORATIONS_OPTIONS_PINK
,,,,,,,,,,,,Green3_Dark,PodiumTint02Pillar,
,,,,,,,,,,,,Almost_Black,PodiumTint03Base,
,,,,,,,,,,,,Green3_Dark,PodiumDetailTint,
Planter_Lvl1_Podium02_Color4,Planter,Planter_Lvl1_Podium02,,,1,Tint,,,Lvl1,,,Tree_Gray,PodiumTint01Top,TID_CUSTOM_DECORATIONS_OPTIONS_GREY
,,,,,,,,,,,,Almost_Black,PodiumTint02Pillar,
,,,,,,,,,,,,Almost_Black,PodiumTint03Base,
,,,,,,,,,,,,Tree_Gray,PodiumDetailTint,
Planter_Lvl1_Podium03_Color1,Planter,Planter_Lvl1_Podium03,,,1,Tint,,,Lvl1,,,Dirty_Peach,PodiumTint01Top,TID_CUSTOM_DECORATIONS_OPTIONS_BROWN
,,,,,,,,,,,,Dirty_Peach,PodiumTint02Pillar,
,,,,,,,,,,,,Almost_Black,PodiumTint03Base,
,,,,,,,,,,,,Red3_DarkBrown,PodiumDetailTint,
Planter_Lvl1_Podium03_Color2,Planter,Planter_Lvl1_Podium03,,,1,Tint,,,Lvl1,,,Tree_Gray,PodiumTint01Top,TID_CUSTOM_DECORATIONS_OPTIONS_GREY
,,,,,,,,,,,,Tree_Gray,PodiumTint02Pillar,
,,,,,,,,,,,,Almost_Black,PodiumTint03Base,
,,,,,,,,,,,,LightGreyBlue1,PodiumDetailTint,
Planter_Lvl1_Podium03_Color3,Planter,Planter_Lvl1_Podium03,,,1,Tint,,,Lvl1,,,White_BlueHint,PodiumTint01Top,TID_CUSTOM_DECORATIONS_OPTIONS_WHITE
,,,,,,,,,,,,White_BlueHint,PodiumTint02Pillar,
,,,,,,,,,,,,Almost_Black,PodiumTint03Base,
,,,,,,,,,,,,Gold2_Old,PodiumDetailTint,
Planter_Lvl1_Podium03_Color4,Planter,Planter_Lvl1_Podium03,,,1,Tint,,,Lvl1,,,Gold2_Old,PodiumTint01Top,TID_CUSTOM_DECORATIONS_OPTIONS_GOLD
,,,,,,,,,,,,Gold2_Old,PodiumTint02Pillar,
,,,,,,,,,,,,Almost_Black,PodiumTint03Base,
,,,,,,,,,,,,Tree_Purple2,PodiumDetailTint,
Planter_Lvl2_Plants_Daisie,Planter,,,,2,Asset,sc/decos05_modular.sc,flowertype2_lvl2_poz1,Lvl1,11,,,,TID_CUSTOM_DECORATIONS_OPTIONS_DAISIES
,,,,,,,sc/decos05_modular.sc,flowertype2_lvl2_poz2,Lvl1,5,,,,
,,,,,,,sc/decos05_modular.sc,flowertype2_lvl2_poz3,Lvl1,6,,,,
,,,,,,,sc/decos05_modular.sc,flowertype2_lvl2_poz4,Lvl1,4,,,,
Planter_Lvl2_Plants_Pansies,Planter,,,,2,Asset,sc/decos05_modular.sc,flowertype4_lvl2_poz1,Lvl1,11,,,,TID_CUSTOM_DECORATIONS_OPTIONS_PANSIES
,,,,,,,sc/decos05_modular.sc,flowertype4_lvl2_poz2,Lvl1,5,,,,
,,,,,,,sc/decos05_modular.sc,flowertype4_lvl2_poz3,Lvl1,6,,,,
,,,,,,,sc/decos05_modular.sc,flowertype4_lvl2_poz4,Lvl1,4,,,,
Planter_Lvl2_Plants_Lilac,Planter,,,,2,Asset,sc/decos05_modular.sc,flowertype5_lvl2_poz1,Lvl1,11,,,,TID_CUSTOM_DECORATIONS_OPTIONS_LILACS
,,,,,,,sc/decos05_modular.sc,flowertype5_lvl2_poz2,Lvl1,5,,,,
,,,,,,,sc/decos05_modular.sc,flowertype5_lvl2_poz3,Lvl1,6,,,,
,,,,,,,sc/decos05_modular.sc,flowertype5_lvl2_poz4,Lvl1,4,,,,
Planter_Lvl2_Plants_Tulip,Planter,,,,2,Asset,sc/decos05_modular.sc,flowertype1_lvl2_poz1,Lvl1,11,,,,TID_CUSTOM_DECORATIONS_OPTIONS_TULIPS
,,,,,,,sc/decos05_modular.sc,flowertype1_lvl2_poz2,Lvl1,5,,,,
,,,,,,,sc/decos05_modular.sc,flowertype1_lvl2_poz3,Lvl1,6,,,,
,,,,,,,sc/decos05_modular.sc,flowertype1_lvl2_poz4,Lvl1,4,,,,
,,,,,,,,,,,,,,
Planter_Lvl2_Plants_Tulip_Colour1,Planter,Planter_Lvl2_Plants_Tulip,,,2,Tint,,,,,,Orange3,FlowerTint01,TID_CUSTOM_DECORATIONS_OPTIONS_ORANGE
,,,,,,,,,,,,Orange4_Very,FlowerTint02,
Planter_Lvl2_Plants_Tulip_Colour2,Planter,Planter_Lvl2_Plants_Tulip,,,2,Tint,,,,,,Red5_CherryLight,FlowerTint01,TID_CUSTOM_DECORATIONS_OPTIONS_RED
,,,,,,,,,,,,Red4_Cherry,FlowerTint02,
Planter_Lvl2_Plants_Tulip_Colour3,Planter,Planter_Lvl2_Plants_Tulip,,,2,Tint,,,,,,Purple2_SoftMid,FlowerTint01,TID_CUSTOM_DECORATIONS_OPTIONS_PURPLE
,,,,,,,,,,,,Pink3_Pastel,FlowerTint02,
Planter_Lvl2_Plants_Tulip_Colour4,Planter,Planter_Lvl2_Plants_Tulip,,,2,Tint,,,,,,White,FlowerTint01,TID_CUSTOM_DECORATIONS_OPTIONS_WHITE
,,,,,,,,,,,,Cream,FlowerTint02,
Planter_Lvl2_Plants_Daisie_Colour1,Planter,Planter_Lvl2_Plants_Daisie,,,2,Tint,,,,,,Pink4_BrightPeach,FlowerTint01,TID_CUSTOM_DECORATIONS_OPTIONS_PINK
,,,,,,,,,,,,Pink5,FlowerTint02,
Planter_Lvl2_Plants_Daisie_Colour2,Planter,Planter_Lvl2_Plants_Daisie,,,2,Tint,,,,,,White,FlowerTint01,TID_CUSTOM_DECORATIONS_OPTIONS_WHITE
,,,,,,,,,,,,Cream,FlowerTint02,
Planter_Lvl2_Plants_Daisie_Colour3,Planter,Planter_Lvl2_Plants_Daisie,,,2,Tint,,,,,,Yellow1,FlowerTint01,TID_CUSTOM_DECORATIONS_OPTIONS_ORANGE
,,,,,,,,,,,,Orange4_Very,FlowerTint02,
Planter_Lvl2_Plants_Daisie_Colour4,Planter,Planter_Lvl2_Plants_Daisie,,,2,Tint,,,,,,Blue2,FlowerTint01,TID_CUSTOM_DECORATIONS_OPTIONS_BLUE
,,,,,,,,,,,,Blue2,FlowerTint02,
Planter_Lvl2_Plants_Pansies_Color1,Planter,Planter_Lvl2_Plants_Pansies,,,2,Tint,,,,,,Tree_Violet,PansyTint01,TID_CUSTOM_DECORATIONS_OPTIONS_PURPLE
,,,,,,,,,,,,Gold1,PansyTint02,
,,,,,,,,,,,,Tree_Purple1,PansyTint03,
Planter_Lvl2_Plants_Pansies_Color2,Planter,Planter_Lvl2_Plants_Pansies,,,2,Tint,,,,,,Blue2,PansyTint01,TID_CUSTOM_DECORATIONS_OPTIONS_BLUE
,,,,,,,,,,,,Tree_White,PansyTint02,
,,,,,,,,,,,,Blue2,PansyTint03,
Planter_Lvl2_Plants_Pansies_Color3,Planter,Planter_Lvl2_Plants_Pansies,,,2,Tint,,,,,,Red1,PansyTint01,TID_CUSTOM_DECORATIONS_OPTIONS_YELLOW
,,,,,,,,,,,,Gold1,PansyTint02,
,,,,,,,,,,,,Orange4_Very,PansyTint03,
Planter_Lvl2_Plants_Pansies_Color4,Planter,Planter_Lvl2_Plants_Pansies,,,2,Tint,,,,,,Magenta2,PansyTint01,TID_CUSTOM_DECORATIONS_OPTIONS_RED
,,,,,,,,,,,,White,PansyTint02,
,,,,,,,,,,,,Red4_Cherry,PansyTint03,
Planter_Lvl2_Plants_Lilac_Colour1,Planter,Planter_Lvl2_Plants_Lilac,,,2,Tint,,,,,,Blue3_Royal,FlowerTint01,TID_CUSTOM_DECORATIONS_OPTIONS_BLUE
,,,,,,,,,,,,Blue1,FlowerTint02,
Planter_Lvl2_Plants_Lilac_Colour2,Planter,Planter_Lvl2_Plants_Lilac,,,2,Tint,,,,,,Cream,FlowerTint01,TID_CUSTOM_DECORATIONS_OPTIONS_WHITE
,,,,,,,,,,,,White,FlowerTint02,
Planter_Lvl2_Plants_Lilac_Colour3,Planter,Planter_Lvl2_Plants_Lilac,,,2,Tint,,,,,,Tree_Purple2,FlowerTint01,TID_CUSTOM_DECORATIONS_OPTIONS_PURPLE
,,,,,,,,,,,,Tree_Purple1,FlowerTint02,
Planter_Lvl2_Plants_Lilac_Colour4,Planter,Planter_Lvl2_Plants_Lilac,,,2,Tint,,,,,,Pink4_BrightPeach,FlowerTint01,TID_CUSTOM_DECORATIONS_OPTIONS_PINK
,,,,,,,,,,,,Pink1,FlowerTint02,
Planter_Lvl3_All,Planter,,TRUE,,3,LevelAsset,sc/decos05_modular.sc,planter_lvl1_dirt,Lvl2,1,,,,
,,,,,,,,,,,,,,
Planter_Lvl3_Edge_Stone,Planter,,,Planter_Lvl3_All,3,Asset,sc/decos05_modular.sc,planter_edge_stone_lvl3,Lvl1,2,,,,TID_MODULAR_POND_LVL5_STONEEDGE
Planter_Lvl3_Edge_Flower,Planter,,,Planter_Lvl3_All,3,Asset,sc/decos05_modular.sc,planter_edge_flower_lvl3,Lvl1,2,,,,TID_CUSTOM_DECORATIONS_OPTIONS_FLORAL
Planter_Lvl3_Edge_Metal,Planter,,,Planter_Lvl3_All,3,Asset,sc/decos05_modular.sc,planter_edge_metal_lvl3,Lvl1,2,,,,TID_CUSTOM_DECORATIONS_OPTIONS_METAL
,,,,,,,,,,,,,,
Planter_Lvl3_Edge_Metal_Colour1,Planter,Planter_Lvl3_Edge_Metal,,,3,Tint,,,Lvl1,,,Green3_Dark,BaseTint01,TID_CUSTOM_DECORATIONS_OPTIONS_BRONZE
,,,,,,,,,,,,Almost_Black,BaseTint02,
,,,,,,,,,,,,Almost_Black,BaseTint03,
,,,,,,,,,,,,Almost_Black,BaseTintTrim,
Planter_Lvl3_Edge_Metal_Colour2,Planter,Planter_Lvl3_Edge_Metal,,,3,Tint,,,Lvl1,,,LightGreyBlue1,BaseTint01,TID_CUSTOM_DECORATIONS_OPTIONS_SILVER
,,,,,,,,,,,,Blue3_Royal,BaseTint02,
,,,,,,,,,,,,Blue3_Royal,BaseTint03,
,,,,,,,,,,,,Blue3_Royal,BaseTintTrim,
Planter_Lvl3_Edge_Metal_Colour3,Planter,Planter_Lvl3_Edge_Metal,,,3,Tint,,,Lvl1,,,Gold2_Old,BaseTint01,TID_CUSTOM_DECORATIONS_OPTIONS_GOLD
,,,,,,,,,,,,Tree_Purple2,BaseTint02,
,,,,,,,,,,,,Gold2_Old,BaseTint03,
,,,,,,,,,,,,Tree_Purple2,BaseTintTrim,
Planter_Lvl3_Edge_Stone_Colour1,Planter,Planter_Lvl3_Edge_Stone,,,3,Tint,,,Lvl1,,,Dirty_Peach,BaseTint01,TID_CUSTOM_DECORATIONS_OPTIONS_BEIGE
,,,,,,,,,,,,Dirty_Peach,BaseTint03,
,,,,,,,,,,,,Green3_Dark,BaseTintTrim,
Planter_Lvl3_Edge_Stone_Colour2,Planter,Planter_Lvl3_Edge_Stone,,,3,Tint,,,Lvl1,,,Red3_DarkBrown,BaseTint01,TID_CUSTOM_DECORATIONS_OPTIONS_BROWN
,,,,,,,,,,,,Red3_DarkBrown,BaseTint03,
,,,,,,,,,,,,Green3_Dark,BaseTintTrim,
Planter_Lvl3_Edge_Stone_Colour3,Planter,Planter_Lvl3_Edge_Stone,,,3,Tint,,,Lvl1,,,Tree_Gray,BaseTint01,TID_CUSTOM_DECORATIONS_OPTIONS_GREY
,,,,,,,,,,,,Tree_Gray,BaseTint03,
,,,,,,,,,,,,Almost_Black,BaseTintTrim,
Planter_Lvl3_Edge_Flower_Colour1,Planter,Planter_Lvl3_Edge_Flower,,,3,Tint,,,Lvl1,,,Green3_LOlive,BaseTint01,TID_CUSTOM_DECORATIONS_OPTIONS_WHITE
,,,,,,,,,,,,White,BaseTint02,
,,,,,,,,,,,,Green3_LOlive,BaseTint03,
,,,,,,,,,,,,Green3_Dark,BaseTintTrim,
Planter_Lvl3_Edge_Flower_Colour2,Planter,Planter_Lvl3_Edge_Flower,,,3,Tint,,,Lvl1,,,Red2_Dirty,BaseTint01,TID_CUSTOM_DECORATIONS_OPTIONS_GREEN
,,,,,,,,,,,,Green3_Dark,BaseTint02,
,,,,,,,,,,,,Green3_Dark,BaseTint03,
,,,,,,,,,,,,Almost_Black,BaseTintTrim,
Planter_Lvl3_Edge_Flower_Colour3,Planter,Planter_Lvl3_Edge_Flower,,,3,Tint,,,Lvl1,,,Pink3_Pastel,BaseTint01,TID_CUSTOM_DECORATIONS_OPTIONS_GOLDEN
,,,,,,,,,,,,Yellow1,BaseTint02,
,,,,,,,,,,,,Pink3_Pastel,BaseTint03,
,,,,,,,,,,,,Tree_Purple2,BaseTintTrim,
Planter_Lvl4_All,Planter,,TRUE,,4,LevelAsset,sc/decos05_modular.sc,planter_edge_stone_lvl3,Lvl2,2,,,,
,,,,,,,sc/decos05_modular.sc,planter_edge_flower_lvl3,Lvl2,2,,,,
,,,,,,,sc/decos05_modular.sc,planter_edge_metal_lvl3,Lvl2,2,,,,
,,,,,,,,,,,,,,
Planter_Lvl4_Plants_Daisie,Planter,,,Planter_Lvl4_All,4,Asset,sc/decos05_modular.sc,flowertype2_lvl4_poz1,Lvl1,9,,,,TID_CUSTOM_DECORATIONS_OPTIONS_DAISIES
,,,,,,,sc/decos05_modular.sc,flowertype2_lvl4_poz2,Lvl1,4,,,,
,,,,,,,sc/decos05_modular.sc,flowertype2_lvl4_poz3,Lvl1,3,,,,
,,,,,,,sc/decos05_modular.sc,flowertype2_lvl4_poz4,Lvl1,10,,,,
Planter_Lvl4_Plants_Pansies,Planter,,,Planter_Lvl4_All,4,Asset,sc/decos05_modular.sc,flowertype4_lvl4_poz1,Lvl1,9,,,,TID_CUSTOM_DECORATIONS_OPTIONS_PANSIES
,,,,,,,sc/decos05_modular.sc,flowertype4_lvl4_poz2,Lvl1,4,,,,
,,,,,,,sc/decos05_modular.sc,flowertype4_lvl4_poz3,Lvl1,3,,,,
,,,,,,,sc/decos05_modular.sc,flowertype4_lvl4_poz4,Lvl1,10,,,,
Planter_Lvl4_Plants_Lilac,Planter,,,Planter_Lvl4_All,4,Asset,sc/decos05_modular.sc,flowertype5_lvl4_poz1,Lvl1,9,,,,TID_CUSTOM_DECORATIONS_OPTIONS_LILACS
,,,,,,,sc/decos05_modular.sc,flowertype5_lvl4_poz2,Lvl1,4,,,,
,,,,,,,sc/decos05_modular.sc,flowertype5_lvl4_poz3,Lvl1,3,,,,
,,,,,,,sc/decos05_modular.sc,flowertype5_lvl4_poz4,Lvl1,10,,,,
Planter_Lvl4_Plants_Tulip,Planter,,,Planter_Lvl4_All,4,Asset,sc/decos05_modular.sc,flowertype1_lvl4_poz1,Lvl1,9,,,,TID_CUSTOM_DECORATIONS_OPTIONS_TULIPS
,,,,,,,sc/decos05_modular.sc,flowertype1_lvl4_poz2,Lvl1,4,,,,
,,,,,,,sc/decos05_modular.sc,flowertype1_lvl4_poz3,Lvl1,3,,,,
,,,,,,,sc/decos05_modular.sc,flowertype1_lvl4_poz4,Lvl1,10,,,,
,,,,,,,,,,,,,,
Planter_Lvl4_Plants_Tulip_Colour1,Planter,Planter_Lvl4_Plants_Tulip,,,4,Tint,,,,,,Orange4_Very,FlowerTint03,TID_CUSTOM_DECORATIONS_OPTIONS_ORANGE
,,,,,,,,,,,,Orange3,FlowerTint04,
Planter_Lvl4_Plants_Tulip_Colour2,Planter,Planter_Lvl4_Plants_Tulip,,,4,Tint,,,,,,Red4_Cherry,FlowerTint03,TID_CUSTOM_DECORATIONS_OPTIONS_RED
,,,,,,,,,,,,Red5_CherryLight,FlowerTint04,
Planter_Lvl4_Plants_Tulip_Colour3,Planter,Planter_Lvl4_Plants_Tulip,,,4,Tint,,,,,,Pink4_BrightPeach,FlowerTint03,TID_CUSTOM_DECORATIONS_OPTIONS_PINK
,,,,,,,,,,,,Pink3_Pastel,FlowerTint04,
Planter_Lvl4_Plants_Tulip_Colour4,Planter,Planter_Lvl4_Plants_Tulip,,,4,Tint,,,,,,Cream,FlowerTint03,TID_CUSTOM_DECORATIONS_OPTIONS_WHITE
,,,,,,,,,,,,White,FlowerTint04,
Planter_Lvl4_Plants_Daisie_Colour1,Planter,Planter_Lvl4_Plants_Daisie,,,4,Tint,,,,,,Pink5,FlowerTint03,TID_CUSTOM_DECORATIONS_OPTIONS_PINK
,,,,,,,,,,,,Pink4_BrightPeach,FlowerTint04,
Planter_Lvl4_Plants_Daisie_Colour2,Planter,Planter_Lvl4_Plants_Daisie,,,4,Tint,,,,,,Orange3,FlowerTint03,TID_CUSTOM_DECORATIONS_OPTIONS_WHITE
,,,,,,,,,,,,White,FlowerTint04,
Planter_Lvl4_Plants_Daisie_Colour3,Planter,Planter_Lvl4_Plants_Daisie,,,4,Tint,,,,,,Orange4_Very,FlowerTint03,TID_CUSTOM_DECORATIONS_OPTIONS_ORANGE
,,,,,,,,,,,,Yellow1,FlowerTint04,
Planter_Lvl4_Plants_Daisie_Colour4,Planter,Planter_Lvl4_Plants_Daisie,,,4,Tint,,,,,,Blue2,FlowerTint03,TID_CUSTOM_DECORATIONS_OPTIONS_BLUE
,,,,,,,,,,,,Blue2,FlowerTint04,
Planter_Lvl4_Plants_Pansies_Color1,Planter,Planter_Lvl4_Plants_Pansies,,,4,Tint,,,,,,Tree_Violet,PaTint01,TID_CUSTOM_DECORATIONS_OPTIONS_PURPLE
,,,,,,,,,,,,Gold1,PaTint02,
,,,,,,,,,,,,Tree_Purple1,PaTint03,
Planter_Lvl4_Plants_Pansies_Color2,Planter,Planter_Lvl4_Plants_Pansies,,,4,Tint,,,,,,Blue2,PaTint01,TID_CUSTOM_DECORATIONS_OPTIONS_BLUE
,,,,,,,,,,,,Tree_White,PaTint02,
,,,,,,,,,,,,Blue2,PaTint03,
Planter_Lvl4_Plants_Pansies_Color3,Planter,Planter_Lvl4_Plants_Pansies,,,4,Tint,,,,,,Red1,PaTint01,TID_CUSTOM_DECORATIONS_OPTIONS_YELLOW
,,,,,,,,,,,,Gold1,PaTint02,
,,,,,,,,,,,,Orange4_Very,PaTint03,
Planter_Lvl4_Plants_Pansies_Color4,Planter,Planter_Lvl4_Plants_Pansies,,,4,Tint,,,,,,Magenta2,PaTint01,TID_CUSTOM_DECORATIONS_OPTIONS_RED
,,,,,,,,,,,,White,PaTint02,
,,,,,,,,,,,,Red4_Cherry,PaTint03,
Planter_Lvl4_Plants_Lilac_Colour1,Planter,Planter_Lvl4_Plants_Lilac,,,4,Tint,,,,,,Blue3_Royal,FlowerTint03,TID_CUSTOM_DECORATIONS_OPTIONS_BLUE
,,,,,,,,,,,,Blue1,FlowerTint04,
Planter_Lvl4_Plants_Lilac_Colour2,Planter,Planter_Lvl4_Plants_Lilac,,,4,Tint,,,,,,Cream,FlowerTint03,TID_CUSTOM_DECORATIONS_OPTIONS_WHITE
,,,,,,,,,,,,White,FlowerTint04,
Planter_Lvl4_Plants_Lilac_Colour3,Planter,Planter_Lvl4_Plants_Lilac,,,4,Tint,,,,,,Tree_Purple2,FlowerTint03,TID_CUSTOM_DECORATIONS_OPTIONS_PURPLE
,,,,,,,,,,,,Tree_Purple1,FlowerTint04,
Planter_Lvl4_Plants_Lilac_Colour4,Planter,Planter_Lvl4_Plants_Lilac,,,4,Tint,,,,,,Pink4_BrightPeach,FlowerTint03,TID_CUSTOM_DECORATIONS_OPTIONS_PINK
,,,,,,,,,,,,Pink1,FlowerTint04,
,,,,,,,,,,,,,,
Planter_Lvl5_Statue01,Planter,,,,5,Asset,sc/decos05_modular.sc,planter_lvl5_statue01,Lvl1,8,,,,TID_CUSTOM_DECORATIONS_OPTIONS_VASE
,,,,,,,sc/decos05_modular.sc,planter_baseplack_lvl5,Lvl1,12,,,,
,,,,,,,,,,,,,,
,,,,,,,,,,,,,,
,,,,,,,,,,,,,,
Planter_Lvl5_Statue02,Planter,,,,5,Asset,sc/decos05_modular.sc,planter_lvl5_statue02,Lvl1,8,,,,TID_CUSTOM_DECORATIONS_OPTIONS_BIRDBATH
,,,,,,,sc/decos05_modular.sc,planter_baseplack_lvl5,Lvl1,12,,,,
,,,,,,,,,,,,,,
,,,,,,,,,,,,,,
,,,,,,,,,,,,,,
Planter_Lvl5_Statue03,Planter,,,,5,Asset,sc/decos05_modular.sc,planter_lvl5_statue03,Lvl1,8,,,,TID_CUSTOM_DECORATIONS_OPTIONS_MONKEY
,,,,,,,sc/decos05_modular.sc,planter_baseplack_lvl5,Lvl1,12,,,,
,,,,,,,,,,,,,,
,,,,,,,,,,,,,,
,,,,,,,,,,,,,,
,,,,,,,,,,,,,,
Planter_Lvl5_Statue01_Colour1,Planter,Planter_Lvl5_Statue01,,,5,Tint,,,,,,White_BlueHint,StatueTint01,TID_CUSTOM_DECORATIONS_OPTIONS_RED
,,,,,,,,,,,,Red1,RoseTint01,
Planter_Lvl5_Statue01_Colour2,Planter,Planter_Lvl5_Statue01,,,5,Tint,,,,,,Tree_Aqua,StatueTint01,TID_CUSTOM_DECORATIONS_OPTIONS_YELLOW
,,,,,,,,,,,,Yellow1,RoseTint01,
Planter_Lvl5_Statue01_Colour3,Planter,Planter_Lvl5_Statue01,,,5,Tint,,,,,,Gold2_Old,StatueTint01,TID_CUSTOM_DECORATIONS_OPTIONS_PURPLE
,,,,,,,,,,,,Purple2_SoftMid,RoseTint01,
Planter_Lvl5_Statue01_Colour4,Planter,Planter_Lvl5_Statue01,,,5,Tint,,,,,,Blue3_Royal,StatueTint01,TID_CUSTOM_DECORATIONS_OPTIONS_PINK
,,,,,,,,,,,,Pink4_BrightPeach,RoseTint01,
,,,,,,,,,,,,,,
Planter_Lvl5_Statue02_Colour1,Planter,Planter_Lvl5_Statue02,,,5,Tint,,,,,,White_BlueHint,StatueTint01,TID_CUSTOM_DECORATIONS_OPTIONS_PINK
,,,,,,,,,,,,Pink2,LilyTint01,
,,,,,,,,,,,,Yellow1,LilyTint02,
,,,,,,,,,,,,Pink1,LilyTint03,
,,,,,,,,,,,,,,
Planter_Lvl5_Statue02_Colour2,Planter,Planter_Lvl5_Statue02,,,5,Tint,,,,,,Dirty_Peach,StatueTint01,TID_CUSTOM_DECORATIONS_OPTIONS_BLUE
,,,,,,,,,,,,Blue2,LilyTint01,
,,,,,,,,,,,,Yellow1,LilyTint02,
,,,,,,,,,,,,Blue1,LilyTint03,
,,,,,,,,,,,,,,
Planter_Lvl5_Statue02_Colour3,Planter,Planter_Lvl5_Statue02,,,5,Tint,,,,,,Gold2_Old,StatueTint01,TID_CUSTOM_DECORATIONS_OPTIONS_PURPLE
,,,,,,,,,,,,Purple1,LilyTint01,
,,,,,,,,,,,,Orange1,LilyTint02,
,,,,,,,,,,,,Purple2_SoftMid,LilyTint03,
,,,,,,,,,,,,,,
Planter_Lvl5_Statue02_Colour4,Planter,Planter_Lvl5_Statue02,,,5,Tint,,,,,,Tree_Gray,StatueTint01,TID_CUSTOM_DECORATIONS_OPTIONS_YELLOW
,,,,,,,,,,,,Yellow1,LilyTint01,
,,,,,,,,,,,,Cream,LilyTint02,
,,,,,,,,,,,,Orange1,LilyTint03,
,,,,,,,,,,,,,,
Planter_Lvl5_Statue03_Colour1,Planter,Planter_Lvl5_Statue03,,,5,Tint,,,,,,Gold2_Old,StatueTint01,TID_CUSTOM_DECORATIONS_OPTIONS_GOLD
,,,,,,,,,,,,Gold1,FaceTint01,
,,,,,,,,,,,,Gold1,TailTint01,
,,,,,,,,,,,,Gold1,FeetTint01,
,,,,,,,,,,,,,,
Planter_Lvl5_Statue03_Colour2,Planter,Planter_Lvl5_Statue03,,,5,Tint,,,,,,Red3_DarkBrown,StatueTint01,TID_CUSTOM_DECORATIONS_OPTIONS_BROWN
,,,,,,,,,,,,Red3_DarkBrown,FacemasklTint01,
,,,,,,,,,,,,Dirty_Peach,FaceTint01,
,,,,,,,,,,,,Dirty_Peach,TailTint01,
,,,,,,,,,,,,Dirty_Peach,FeetTint01,
,,,,,,,,,,,,,,
Planter_Lvl5_Statue03_Colour3,Planter,Planter_Lvl5_Statue03,,,5,Tint,,,,,,Tree_Gray,StatueTint01,TID_CUSTOM_DECORATIONS_OPTIONS_GREY
,,,,,,,,,,,,Tree_Gray,FacemasklTint01,
,,,,,,,,,,,,Grey1,FaceTint01,
,,,,,,,,,,,,Grey1,TailTint01,
,,,,,,,,,,,,Grey1,FeetTint01,
,,,,,,,,,,,,,,
Planter_Lvl5_Statue03_Colour4,Planter,Planter_Lvl5_Statue03,,,5,Tint,,,,,,Green3_Dark,StatueTint01,TID_CUSTOM_DECORATIONS_OPTIONS_DARK GREEN
,,,,,,,,,,,,Green3_Dark,FacemasklTint01,
,,,,,,,,,,,,LightGreyBlue1,FaceTint01,
,,,,,,,,,,,,LightGreyBlue1,TailTint01,
,,,,,,,,,,,,LightGreyBlue1,FeetTint01,
,,,,,,,,,,,,,,
,,,,,,,,,,,,,,
,,,,,,,,,,,,,,
,,,,,,,,,,,,,,
Pergola_Lvl0,Pergola,,,,0,Asset,sc/decos05_modular.sc,pergola_lvl0,Lvl1,1,,,,
,,,,,,,sc/decos05_modular.sc,pergola_lvl0_ground,Lvl1,0,,,,
,,,,,,,,,,,,,,
Pergola_Lvl1_Furniture_01,Pergola,,,,1,Asset,sc/decos05_modular.sc,pergola_lvl1_wood,Lvl1,4,,,,TID_CUSTOM_DECORATIONS_OPTIONS_WOOD
,,,,,,,sc/decos05_modular.sc,pergola_lvl0_ground,Lvl2,0,,,,
Pergola_Lvl1_Furniture_02,Pergola,,,,1,Asset,sc/decos05_modular.sc,pergola_lvl1_bamboo,Lvl1,4,,,,TID_CUSTOM_DECORATIONS_OPTIONS_BAMBOO
,,,,,,,sc/decos05_modular.sc,pergola_lvl0_ground,Lvl2,0,,,,
Pergola_Lvl1_Furniture_03,Pergola,,,,1,Asset,sc/decos05_modular.sc,pergola_lvl1_metal,Lvl1,4,,,,TID_CUSTOM_DECORATIONS_OPTIONS_METAL
,,,,,,,sc/decos05_modular.sc,pergola_lvl0_ground,Lvl2,0,,,,
,,,,,,,,,,,,,,
Pergola_Lvl1_Furniture_01_Color1,Pergola,Pergola_Lvl1_Furniture_01,,,1,Tint,,,,,,Pergola_Green1,WoodPillowTint1,TID_CUSTOM_DECORATIONS_OPTIONS_GREEN
Pergola_Lvl1_Furniture_01_Color2,Pergola,Pergola_Lvl1_Furniture_01,,,1,Tint,,,,,,Pergola_Orange1,WoodPillowTint1,TID_CUSTOM_DECORATIONS_OPTIONS_ORANGE
Pergola_Lvl1_Furniture_01_Color3,Pergola,Pergola_Lvl1_Furniture_01,,,1,Tint,,,,,,Pergola_Purple3,WoodPillowTint1,TID_CUSTOM_DECORATIONS_OPTIONS_PURPLE
Pergola_Lvl1_Furniture_02_Color1,Pergola,Pergola_Lvl1_Furniture_02,,,1,Tint,,,,,,Pergola_Yellow2,BambooPillowTint1,TID_CUSTOM_DECORATIONS_OPTIONS_YELLOW
Pergola_Lvl1_Furniture_02_Color2,Pergola,Pergola_Lvl1_Furniture_02,,,1,Tint,,,,,,Pergola_Purple1,BambooPillowTint1,TID_CUSTOM_DECORATIONS_OPTIONS_PURPLE
Pergola_Lvl1_Furniture_02_Color3,Pergola,Pergola_Lvl1_Furniture_02,,,1,Tint,,,,,,Pergola_Blue1,BambooPillowTint1,TID_CUSTOM_DECORATIONS_OPTIONS_BLUE
Pergola_Lvl1_Furniture_03_Color1,Pergola,Pergola_Lvl1_Furniture_03,,,1,Tint,,,,,,Pergola_Pink,MetalPillowTint1,TID_CUSTOM_DECORATIONS_OPTIONS_PINK
Pergola_Lvl1_Furniture_03_Color2,Pergola,Pergola_Lvl1_Furniture_03,,,1,Tint,,,,,,Pergola_Yellow3,MetalPillowTint1,TID_CUSTOM_DECORATIONS_OPTIONS_OCHRE
Pergola_Lvl1_Furniture_03_Color3,Pergola,Pergola_Lvl1_Furniture_03,,,1,Tint,,,,,,Pergola_Blue3,MetalPillowTint1,TID_CUSTOM_DECORATIONS_OPTIONS_BLUE
,,,,,,,,,,,,,,
,,,,,,,,,,,,,,
Pergola_Lvl2_All,Pergola,,TRUE,,2,LevelAsset,sc/decos05_modular.sc,pergola_lvl0_ground,,,,,,
,,,,,,,,,,,,,,
Pergola_Lvl2_Base_Sand,Pergola,,,Pergola_Lvl2_All,2,Asset,sc/decos05_modular.sc,pergola_lvl2_sand,Lvl1,2,,,,TID_MODULAR_POND_LVL6_SAND
Pergola_Lvl2_Base_Stone,Pergola,,,Pergola_Lvl2_All,2,Asset,sc/decos05_modular.sc,pergola_lvl2_stone,Lvl1,2,,,,TID_CUSTOM_DECORATIONS_OPTIONS_STONE
Pergola_Lvl2_Base_Wood,Pergola,,,Pergola_Lvl2_All,2,Asset,sc/decos05_modular.sc,pergola_lvl2_wood,Lvl1,2,,,,TID_CUSTOM_DECORATIONS_OPTIONS_WOOD
,,,,,,,,,,,,,,
Pergola_Lvl2_Base_Sand_Color1,Pergola,Pergola_Lvl2_Base_Sand,,,2,Tint,,,,,,Pergola_Yellow4,BaseSandTint1,TID_CUSTOM_DECORATIONS_OPTIONS_YELLOW
Pergola_Lvl2_Base_Sand_Color2,Pergola,Pergola_Lvl2_Base_Sand,,,2,Tint,,,,,,Pergola_White3,BaseSandTint1,TID_CUSTOM_DECORATIONS_OPTIONS_WHITE
Pergola_Lvl2_Base_Sand_Color3,Pergola,Pergola_Lvl2_Base_Sand,,,2,Tint,,,,,,Pergola_Pink2,BaseSandTint1,TID_CUSTOM_DECORATIONS_OPTIONS_PINK
Pergola_Lvl2_Base_Stone_Color1,Pergola,Pergola_Lvl2_Base_Stone,,,2,Tint,,,,,,Pergola_White1,BaseStoneTint1,TID_CUSTOM_DECORATIONS_OPTIONS_WHITE
Pergola_Lvl2_Base_Stone_Color2,Pergola,Pergola_Lvl2_Base_Stone,,,2,Tint,,,,,,Pergola_Blue2,BaseStoneTint1,TID_CUSTOM_DECORATIONS_OPTIONS_GREY
Pergola_Lvl2_Base_Stone_Color3,Pergola,Pergola_Lvl2_Base_Stone,,,2,Tint,,,,,,Pergola_Brown1,BaseStoneTint1,TID_CUSTOM_DECORATIONS_OPTIONS_BROWN
Pergola_Lvl2_Base_Wood_Color1,Pergola,Pergola_Lvl2_Base_Wood,,,2,Tint,,,,,,Pergola_Brown3,BaseWoodTint1,TID_CUSTOM_DECORATIONS_OPTIONS_REDDISH
Pergola_Lvl2_Base_Wood_Color2,Pergola,Pergola_Lvl2_Base_Wood,,,2,Tint,,,,,,Pergola_Brown2,BaseWoodTint1,TID_CUSTOM_DECORATIONS_OPTIONS_BROWN
Pergola_Lvl2_Base_Wood_Color3,Pergola,Pergola_Lvl2_Base_Wood,,,2,Tint,,,,,,Pergola_Blue4,BaseWoodTint1,TID_CUSTOM_DECORATIONS_OPTIONS_TURQUOISE
,,,,,,,,,,,,,,
,,,,,,,,,,,,,,
Pergola_Lvl3_Column_Wood,Pergola,,,,3,Asset,sc/decos05_modular.sc,pergola_lvl3_wood_front,Lvl1,7,,,,TID_CUSTOM_DECORATIONS_OPTIONS_WOOD
,,,,,,,sc/decos05_modular.sc,pergola_lvl3_wood_roof,Lvl1,6,,,,
,,,,,,,sc/decos05_modular.sc,pergola_lvl3_wood_back,Lvl1,3,,,,
,,,,,,,,,,,,,,
Pergola_Lvl3_Column_Metal,Pergola,,,,3,Asset,sc/decos05_modular.sc,pergola_lvl3_metal_front,Lvl1,7,,,,TID_CUSTOM_DECORATIONS_OPTIONS_METAL
,,,,,,,sc/decos05_modular.sc,pergola_lvl3_metal_roof,Lvl1,6,,,,
,,,,,,,sc/decos05_modular.sc,pergola_lvl3_metal_back,Lvl1,3,,,,
,,,,,,,,,,,,,,
Pergola_Lvl3_Column_Stone,Pergola,,,,3,Asset,sc/decos05_modular.sc,pergola_lvl3_stone_front,Lvl1,7,,,,TID_CUSTOM_DECORATIONS_OPTIONS_STONE
,,,,,,,sc/decos05_modular.sc,pergola_lvl3_stone_roof,Lvl1,6,,,,
,,,,,,,sc/decos05_modular.sc,pergola_lvl3_stone_back,Lvl1,3,,,,
,,,,,,,,,,,,,,
Pergola_Lvl3_Column_Wood_Color1,Pergola,Pergola_Lvl3_Column_Wood,,,3,Tint,,,,,,Pergola_Brown4,EdgeWoodTopTint1,TID_CUSTOM_DECORATIONS_OPTIONS_NATURAL
,,,,,,,,,,,,White,WoodColumnTint1,
,,,,,,,,,,,,White,EdgeWoodPatchTint1,
,,,,,,,,,,,,Pergola_Brown4,EdgeWoodBottomTint1,
Pergola_Lvl3_Column_Wood_Color2,Pergola,Pergola_Lvl3_Column_Wood,,,3,Tint,,,,,,Pergola_Purple2,EdgeWoodTopTint1,TID_CUSTOM_DECORATIONS_OPTIONS_PURPLE
,,,,,,,,,,,,White,WoodColumnTint1,
,,,,,,,,,,,,White,EdgeWoodPatchTint1,
,,,,,,,,,,,,Pergola_Purple2,EdgeWoodBottomTint1,
Pergola_Lvl3_Column_Wood_Color3,Pergola,Pergola_Lvl3_Column_Wood,,,3,Tint,,,,,,Pergola_Yellow1,EdgeWoodTopTint1,TID_CUSTOM_DECORATIONS_OPTIONS_GOLD
,,,,,,,,,,,,White,WoodColumnTint1,
,,,,,,,,,,,,White,EdgeWoodPatchTint1,
,,,,,,,,,,,,Pergola_Yellow1,EdgeWoodBottomTint1,
Pergola_Lvl3_Column_Metal_Color1,Pergola,Pergola_Lvl3_Column_Metal,,,3,Tint,,,,,,Pergola_Lilac,FrontMetalTint2,TID_CUSTOM_DECORATIONS_OPTIONS_PURPLE
,,,,,,,,,,,,Orange1,FrontRingsTint1,
,,,,,,,,,,,,Pergola_Lilac,FrontMetalTint1,
,,,,,,,,,,,,Pergola_Lilac,RoofMetalTint1,
,,,,,,,,,,,,Pergola_Lilac,BackMetalTint2,
,,,,,,,,,,,,Orange1,BackRingsTint1,
,,,,,,,,,,,,Pergola_Lilac,BackMetalTint1,
,,,,,,,,,,,,,,
Pergola_Lvl3_Column_Metal_Color2,Pergola,Pergola_Lvl3_Column_Metal,,,3,Tint,,,,,,White,FrontMetalTint2,TID_CUSTOM_DECORATIONS_OPTIONS_WHITE
,,,,,,,,,,,,Orange1,FrontRingsTint1,
,,,,,,,,,,,,White,FrontMetalTint1,
,,,,,,,,,,,,White,RoofMetalTint1,
,,,,,,,,,,,,White,BackMetalTint2,
,,,,,,,,,,,,Orange1,BackRingsTint1,
,,,,,,,,,,,,White,BackMetalTint1,
,,,,,,,,,,,,,,
Pergola_Lvl3_Column_Metal_Color3,Pergola,Pergola_Lvl3_Column_Metal,,,3,Tint,,,,,,Pergola_Blue5,FrontMetalTint2,TID_CUSTOM_DECORATIONS_OPTIONS_DARKGREY
,,,,,,,,,,,,Orange1,FrontRingsTint1,
,,,,,,,,,,,,Pergola_Blue5,FrontMetalTint1,
,,,,,,,,,,,,Pergola_Blue5,RoofMetalTint1,
,,,,,,,,,,,,Pergola_Blue5,BackMetalTint2,
,,,,,,,,,,,,Orange1,BackRingsTint1,
,,,,,,,,,,,,Pergola_Blue5,BackMetalTint1,
,,,,,,,,,,,,,,
Pergola_Lvl3_Column_Stone_Color1,Pergola,Pergola_Lvl3_Column_Stone,,,3,Tint,,,,,,Pergola_Blue6,ColumnHeadTint1,TID_CUSTOM_DECORATIONS_OPTIONS_BROWN
,,,,,,,,,,,,Pergola_Gold2,ColumnHeadTint2,
,,,,,,,,,,,,Pergola_Blue6,ColumnHeadTint3,
,,,,,,,,,,,,Pergola_Blue6,ColumnHeadTint4,
,,,,,,,,,,,,Pergola_Gold2,ColumnHeadTint5,
,,,,,,,,,,,,Pergola_Blue6,ColumnHeadTint6,
,,,,,,,,,,,,Orange1,ColumnHeadDarkTint1,
,,,,,,,,,,,,Orange1,ColumnHeadDarkTint2,
,,,,,,,,,,,,Orange1,ColumnHeadDarkTint3,
,,,,,,,,,,,,Orange1,ColumnHeadDarkTint4,
,,,,,,,,,,,,Pergola_Orange2,StoneTint1,
,,,,,,,,,,,,Pergola_Brown6,RoofTint1,
,,,,,,,,,,,,,,
Pergola_Lvl3_Column_Stone_Color2,Pergola,Pergola_Lvl3_Column_Stone,,,3,Tint,,,,,,Pergola_Gold1,ColumnHeadTint1,TID_CUSTOM_DECORATIONS_OPTIONS_WHITE
,,,,,,,,,,,,Pergola_Gold2,ColumnHeadTint2,
,,,,,,,,,,,,Pergola_Gold1,ColumnHeadTint3,
,,,,,,,,,,,,Pergola_Gold1,ColumnHeadTint4,
,,,,,,,,,,,,Pergola_Gold2,ColumnHeadTint5,
,,,,,,,,,,,,Pergola_Gold1,ColumnHeadTint6,
,,,,,,,,,,,,Pergola_Brown4,ColumnHeadDarkTint1,
,,,,,,,,,,,,Pergola_Brown4,ColumnHeadDarkTint2,
,,,,,,,,,,,,Pergola_Brown4,ColumnHeadDarkTint3,
,,,,,,,,,,,,Pergola_Brown4,ColumnHeadDarkTint4,
,,,,,,,,,,,,Pergola_White3,StoneTint1,
,,,,,,,,,,,,Beige1,RoofTint1,
,,,,,,,,,,,,,,
Pergola_Lvl3_Column_Stone_Color3,Pergola,Pergola_Lvl3_Column_Stone,,,3,Tint,,,,,,Pergola_White2,ColumnHeadTint1,TID_CUSTOM_DECORATIONS_OPTIONS_GREY
,,,,,,,,,,,,Pergola_Gold2,ColumnHeadTint2,
,,,,,,,,,,,,Pergola_White2,ColumnHeadTint3,
,,,,,,,,,,,,Pergola_White2,ColumnHeadTint4,
,,,,,,,,,,,,Pergola_Gold2,ColumnHeadTint5,
,,,,,,,,,,,,Pergola_White2,ColumnHeadTint6,
,,,,,,,,,,,,Grey1,ColumnHeadDarkTint1,
,,,,,,,,,,,,Grey1,ColumnHeadDarkTint2,
,,,,,,,,,,,,Grey1,ColumnHeadDarkTint3,
,,,,,,,,,,,,Grey1,ColumnHeadDarkTint4,
,,,,,,,,,,,,Grey1,StoneTint1,
,,,,,,,,,,,,Pergola_Brown4,RoofTint1,
,,,,,,,,,,,,,,
Pergola_Lvl4_Top_Plants,Pergola,,,,4,Asset,sc/decos05_modular.sc,pergola_lvl4_deco_plants_poz1,Lvl1,8,,,,TID_CUSTOM_DECORATIONS_OPTIONS_FLOWERS
,,,,,4,Asset,sc/decos05_modular.sc,pergola_lvl4_deco_plants_poz2,Lvl1,8,,,,
,,,,,4,Asset,sc/decos05_modular.sc,pergola_lvl4_deco_plants_poz3,Lvl1,0,,,,
,,,,,4,Asset,sc/decos05_modular.sc,pergola_lvl4_deco_plants_poz4,Lvl1,0,,,,
,,,,,,,,,,,,,,
Pergola_Lvl4_Top_Curtain,Pergola,,,,4,Asset,sc/decos05_modular.sc,pergola_lvl4_deco_curtains,Lvl1,5,,,,TID_CUSTOM_DECORATIONS_OPTIONS_CURTAINS
,,,,,4,Asset,sc/decos05_modular.sc,pergola_lvl4_deco_curtains_r,Lvl1,0,,,,
,,,,,4,Asset,sc/decos05_modular.sc,pergola_lvl4_deco_curtains_l,Lvl1,0,,,,
,,,,,,,,,,,,,,
Pergola_Lvl4_Top_Lights,Pergola,,,,4,Asset,sc/decos05_modular.sc,pergola_lvl4_deco_lights,Lvl1,5,,,,TID_CUSTOM_DECORATIONS_OPTIONS_LIGHTS
,,,,,4,Asset,sc/decos05_modular.sc,pergola_lvl4_deco_lights_r,Lvl1,0,,,,
,,,,,4,Asset,sc/decos05_modular.sc,pergola_lvl4_deco_lights_l,Lvl1,0,,,,
,,,,,,,,,,,,,,
Pergola_Lvl4_Top_Plants_Color1,Pergola,Pergola_Lvl4_Top_Plants,,,4,Tint,,,,,,Pink1,FlowerTint01,TID_CUSTOM_DECORATIONS_OPTIONS_PINK
Pergola_Lvl4_Top_Plants_Color2,Pergola,Pergola_Lvl4_Top_Plants,,,4,Tint,,,,,,White,FlowerTint01,TID_CUSTOM_DECORATIONS_OPTIONS_WHITE
Pergola_Lvl4_Top_Plants_Color3,Pergola,Pergola_Lvl4_Top_Plants,,,4,Tint,,,,,,Yellow1,FlowerTint01,TID_CUSTOM_DECORATIONS_OPTIONS_YELLOW
,,,,,,,,,,,,,,
Pergola_Lvl4_Top_Curtains_Color1,Pergola,Pergola_Lvl4_Top_Curtain,,,4,Tint,,,,,,Pergola_White2,CurtainTint1,TID_CUSTOM_DECORATIONS_OPTIONS_WHITE
Pergola_Lvl4_Top_Curtains_Color2,Pergola,Pergola_Lvl4_Top_Curtain,,,4,Tint,,,,,,Pergola_Yellow5,CurtainTint1,TID_CUSTOM_DECORATIONS_OPTIONS_PURPLE
Pergola_Lvl4_Top_Curtains_Color3,Pergola,Pergola_Lvl4_Top_Curtain,,,4,Tint,,,,,,Pergola_Pink3,CurtainTint1,TID_CUSTOM_DECORATIONS_OPTIONS_PINK
,,,,,,,,,,,,,,
Pergola_Lvl4_Top_Lights_Color1,Pergola,Pergola_Lvl4_Top_Lights,,,4,Tint,,,,,,Yellow1,LightTint1,TID_CUSTOM_DECORATIONS_OPTIONS_YELLOW
Pergola_Lvl4_Top_Lights_Color2,Pergola,Pergola_Lvl4_Top_Lights,,,4,Tint,,,,,,Tree_Purple1,LightTint1,TID_CUSTOM_DECORATIONS_OPTIONS_PURPLE
Pergola_Lvl4_Top_Lights_Color3,Pergola,Pergola_Lvl4_Top_Lights,,,4,Tint,,,,,,Blue1,LightTint1,TID_CUSTOM_DECORATIONS_OPTIONS_BLUE
,,,,,,,,,,,,,,
,,,,,,,,,,,,,,
Pergola_Lvl5_Bottom_Pillar01,Pergola,,,,5,Asset,sc/decos05_modular.sc,pergola_lvl5_deco_pillar_poz1,Lvl1,10,,,,TID_CUSTOM_DECORATIONS_OPTIONS_CANDLES
,,,,,,,sc/decos05_modular.sc,pergola_lvl5_deco_pillar_poz2,Lvl1,10,,,,
,,,,,,,sc/decos05_modular.sc,pergola_lvl5_deco_pillar_poz3,Lvl1,10,,,,
,,,,,,,sc/decos05_modular.sc,pergola_lvl5_deco_pillar_poz4,Lvl1,10,,,,
,,,,,,,sc/decos05_modular.sc,pergola_lvl5_deco_pillar_poz5,Lvl1,-1,,,,
,,,,,,,sc/decos05_modular.sc,pergola_lvl5_deco_pillar_poz6,Lvl1,-1,,,,
,,,,,,,,,,,,,,
Pergola_Lvl5_Bottom_Bush,Pergola,,,,5,Asset,sc/decos05_modular.sc,pergola_lvl5_deco_bush_poz1,Lvl1,10,,,,TID_CUSTOM_DECORATIONS_OPTIONS_SHRUBS
,,,,,,,sc/decos05_modular.sc,pergola_lvl5_deco_bush_poz2,Lvl1,10,,,,
,,,,,,,sc/decos05_modular.sc,pergola_lvl5_deco_bush_poz3,Lvl1,10,,,,
,,,,,,,sc/decos05_modular.sc,pergola_lvl5_deco_bush_poz4,Lvl1,-1,,,,
,,,,,,,,,,,,,,
Pergola_Lvl5_Bottom_Stones,Pergola,,,,5,Asset,sc/decos05_modular.sc,pergola_lvl5_deco_stones_back,Lvl1,1,,,,TID_MODULAR_POND_LVL5_STONEEDGE
,,,,,,,sc/decos05_modular.sc,pergola_lvl5_deco_stones_front,Lvl1,10,,,,
,,,,,,,,,,,,,,
Pergola_Lvl5_Pillar_Color1,Pergola,Pergola_Lvl5_Bottom_Pillar01,,,5,Tint,,,,,,Yellow1,BowlTint1,TID_CUSTOM_DECORATIONS_OPTIONS_ORANGE
,,,,,,,,,,,,White,TopTint1,
,,,,,,,,,,,,DarkGrey1,RingTint1,
,,,,,,,,,,,,Purple1,BodyTint1,
Pergola_Lvl5_Pillar_Color2,Pergola,Pergola_Lvl5_Bottom_Pillar01,,,5,Tint,,,,,,Blue1,BowlTint1,TID_CUSTOM_DECORATIONS_OPTIONS_BLUE
,,,,,,,,,,,,Brown1,TopTint1,
,,,,,,,,,,,,DarkGrey1,RingTint1,
,,,,,,,,,,,,Orange1,BodyTint1,
Pergola_Lvl5_Pillar_Color3,Pergola,Pergola_Lvl5_Bottom_Pillar01,,,5,Tint,,,,,,Purple1,BowlTint1,TID_CUSTOM_DECORATIONS_OPTIONS_PURPLE
,,,,,,,,,,,,Purple1,TopTint1,
,,,,,,,,,,,,White,RingTint1,
,,,,,,,,,,,,Purple1,BodyTint1,
,,,,,,,,,,,,,,
Pergola_Lvl5_BushColor1,Pergola,Pergola_Lvl5_Bottom_Bush,,,5,Tint,,,,,,Pergola_Green2,BushTint1,TID_CUSTOM_DECORATIONS_OPTIONS_GREEN
Pergola_Lvl5_BushColor2,Pergola,Pergola_Lvl5_Bottom_Bush,,,5,Tint,,,,,,Pergola_Green3,BushTint1,TID_CUSTOM_DECORATIONS_OPTIONS_ORANGE
Pergola_Lvl5_BushColor3,Pergola,Pergola_Lvl5_Bottom_Bush,,,5,Tint,,,,,,Pergola_Green4,BushTint1,TID_CUSTOM_DECORATIONS_OPTIONS_BRIGHTGREEN
,,,,,,,,,,,,,,
Pergola_Lvl5_Stones_Color1,Pergola,Pergola_Lvl5_Bottom_Stones,,,5,Tint,,,,,,Pergola_White2,RockTint01,TID_CUSTOM_DECORATIONS_OPTIONS_WHITE
,,,,,,,,,,,,Pergola_White2,RockTint02,
,,,,,,,,,,,,Pergola_White2,RockTint03,
Pergola_Lvl5_Stones_Color2,Pergola,Pergola_Lvl5_Bottom_Stones,,,5,Tint,,,,,,Pergola_Grey2,RockTint01,TID_CUSTOM_DECORATIONS_OPTIONS_GREY
,,,,,,,,,,,,Pergola_Grey2,RockTint02,
,,,,,,,,,,,,Pergola_Grey2,RockTint03,
Pergola_Lvl5_Stones_Color3,Pergola,Pergola_Lvl5_Bottom_Stones,,,5,Tint,,,,,,Pergola_Grey3,RockTint01,TID_CUSTOM_DECORATIONS_OPTIONS_BLUE
,,,,,,,,,,,,Pergola_Grey3,RockTint02,
,,,,,,,,,,,,Pergola_Grey3,RockTint03,
,,,,,,,,,,,,,,
,,,,,,,,,,,,,,
Pergola_Lvl6_Ivy1,Pergola,,,,6,Asset,sc/decos05_modular.sc,pergola_lvl6_ivy_01_l,Lvl1,9,,,,TID_CUSTOM_DECORATIONS_OPTIONS_CLEMATIS
,,,,,,,sc/decos05_modular.sc,pergola_lvl6_ivy_01_r,Lvl1,9,,,,
,,,,,,,sc/decos05_modular.sc,pergola_lvl6_ivy_01_b,Lvl1,-1,,,,
,,,,,,,,,,,,,,
Pergola_Lvl6_Ivy2,Pergola,,,,6,Asset,sc/decos05_modular.sc,pergola_lvl6_ivy_02_l,Lvl1,9,,,,TID_CUSTOM_DECORATIONS_OPTIONS_ROSE
,,,,,,,sc/decos05_modular.sc,pergola_lvl6_ivy_02_r,Lvl1,5,,,,
,,,,,,,sc/decos05_modular.sc,pergola_lvl6_ivy_02_b,Lvl1,-1,,,,
,,,,,,,,,,,,,,
Pergola_Lvl6_Ivy3,Pergola,,,,6,Asset,sc/decos05_modular.sc,pergola_lvl6_ivy_03_l,Lvl1,9,,,,TID_CUSTOM_DECORATIONS_OPTIONS_JASMINE
,,,,,,,sc/decos05_modular.sc,pergola_lvl6_ivy_03_r,Lvl1,9,,,,
,,,,,,,sc/decos05_modular.sc,pergola_lvl6_ivy_03_b,Lvl1,-1,,,,
,,,,,,,,,,,,,,
Pergola_Lvl6_Ivy1_Color01,Pergola,Pergola_Lvl6_Ivy1,,,6,Tint,,,,,,Yellow1,Flower1Tint1,TID_CUSTOM_DECORATIONS_OPTIONS_YELLOW
Pergola_Lvl6_Ivy1_Color02,Pergola,Pergola_Lvl6_Ivy1,,,6,Tint,,,,,,White,Flower1Tint1,TID_CUSTOM_DECORATIONS_OPTIONS_WHITE
Pergola_Lvl6_Ivy1_Color03,Pergola,Pergola_Lvl6_Ivy1,,,6,Tint,,,,,,Pink1,Flower1Tint1,TID_CUSTOM_DECORATIONS_OPTIONS_PINK
,,,,,,,,,,,,,,
Pergola_Lvl6_Ivy2_Color01,Pergola,Pergola_Lvl6_Ivy2,,,6,Tint,,,,,,Pink1,Flower2Tint1,TID_CUSTOM_DECORATIONS_OPTIONS_PINK
Pergola_Lvl6_Ivy2_Color02,Pergola,Pergola_Lvl6_Ivy2,,,6,Tint,,,,,,Yellow1,Flower2Tint1,TID_CUSTOM_DECORATIONS_OPTIONS_YELLOW
Pergola_Lvl6_Ivy2_Color03,Pergola,Pergola_Lvl6_Ivy2,,,6,Tint,,,,,,White,Flower2Tint1,TID_CUSTOM_DECORATIONS_OPTIONS_WHITE
,,,,,,,,,,,,,,
Pergola_Lvl6_Ivy3_Color01,Pergola,Pergola_Lvl6_Ivy3,,,6,Tint,,,,,,White,Flower3Tint1,TID_CUSTOM_DECORATIONS_OPTIONS_WHITE
Pergola_Lvl6_Ivy3_Color02,Pergola,Pergola_Lvl6_Ivy3,,,6,Tint,,,,,,Yellow1,Flower3Tint1,TID_CUSTOM_DECORATIONS_OPTIONS_YELLOW
Pergola_Lvl6_Ivy3_Color03,Pergola,Pergola_Lvl6_Ivy3,,,6,Tint,,,,,,Pink1,Flower3Tint1,TID_CUSTOM_DECORATIONS_OPTIONS_PINK
